customer_id,month,state
C0001,1,Active
C0001,2,Active
C0001,3,Active
C0001,4,Active
C0001,5,Active
C0001,6,Active
C0001,7,Active
C0001,8,Active
C0001,9,Active
C0001,10,Active
C0001,11,Active
C0001,12,Active
C0002,1,Active
C0002,2,Active
C0002,3,Active
C0002,4,Active
C0002,5,Active
C0002,6,Active
C0002,7,Active
C0002,8,Active
C0002,9,Active
C0002,10,Active
C0002,11,Active
C0002,12,Active
C0003,1,Active
C0003,2,At_Risk
C0003,3,Churned
C0003,4,Churned
C0003,5,Churned
C0003,6,Churned
C0003,7,Churned
C0003,8,Churned
C0003,9,Churned
C0003,10,Churned
C0003,11,Churned
C0003,12,Churned
C0004,1,Active
C0004,2,Active
C0004,3,Active
C0004,4,At_Risk
C0004,5,Active
C0004,6,Active
C0004,7,Active
C0004,8,Churned
C0004,9,Churned
C0004,10,Churned
C0004,11,Churned
C0004,12,Churned
C0005,1,Active
C0005,2,Active
C0005,3,Active
C0005,4,At_Risk
C0005,5,Churned
C0005,6,Churned
C0005,7,Churned
C0005,8,Churned
C0005,9,Churned
C0005,10,Churned
C0005,11,Churned
C0005,12,Churned
C0006,1,Active
C0006,2,Churned
C0006,3,Churned
C0006,4,Churned
C0006,5,Churned
C0006,6,Churned
C0006,7,Churned
C0006,8,Churned
C0006,9,Churned
C0006,10,Churned
C0006,11,Churned
C0006,12,Churned
C0007,1,Active
C0007,2,Active
C0007,3,Active
C0007,4,Active
C0007,5,Active
C0007,6,Active
C0007,7,Active
C0007,8,Active
C0007,9,Active
C0007,10,Active
C0007,11,Active
C0007,12,Active
C0008,1,Active
C0008,2,Active
C0008,3,Active
C0008,4,Active
C0008,5,Active
C0008,6,Active
C0008,7,At_Risk
C0008,8,Active
C0008,9,Active
C0008,10,Active
C0008,11,Active
C0008,12,At_Risk
C0009,1,Active
C0009,2,Active
C0009,3,Active
C0009,4,Active
C0009,5,Active
C0009,6,Active
C0009,7,Active
C0009,8,Active
C0009,9,At_Risk
C0009,10,Churned
C0009,11,Churned
C0009,12,Churned
C0010,1,Active
C0010,2,Active
C0010,3,Active
C0010,4,At_Risk
C0010,5,Active
C0010,6,Active
C0010,7,At_Risk
C0010,8,At_Risk
C0010,9,At_Risk
C0010,10,At_Risk
C0010,11,Churned
C0010,12,Churned
C0011,1,Active
C0011,2,Active
C0011,3,Active
C0011,4,Active
C0011,5,Active
C0011,6,Active
C0011,7,Active
C0011,8,Active
C0011,9,Active
C0011,10,At_Risk
C0011,11,At_Risk
C0011,12,Churned
C0012,1,Active
C0012,2,At_Risk
C0012,3,Churned
C0012,4,Churned
C0012,5,Churned
C0012,6,Churned
C0012,7,Churned
C0012,8,Churned
C0012,9,Churned
C0012,10,Churned
C0012,11,Churned
C0012,12,Churned
C0013,1,Active
C0013,2,Active
C0013,3,Active
C0013,4,Active
C0013,5,Active
C0013,6,Active
C0013,7,Active
C0013,8,Active
C0013,9,Active
C0013,10,Active
C0013,11,Active
C0013,12,At_Risk
C0014,1,Active
C0014,2,At_Risk
C0014,3,At_Risk
C0014,4,At_Risk
C0014,5,Churned
C0014,6,Churned
C0014,7,Churned
C0014,8,Churned
C0014,9,Churned
C0014,10,Churned
C0014,11,Churned
C0014,12,Churned
C0015,1,Active
C0015,2,Active
C0015,3,Active
C0015,4,Active
C0015,5,Active
C0015,6,Active
C0015,7,Active
C0015,8,At_Risk
C0015,9,Active
C0015,10,Active
C0015,11,Active
C0015,12,Active
C0016,1,Active
C0016,2,Active
C0016,3,Active
C0016,4,Active
C0016,5,Active
C0016,6,Active
C0016,7,Active
C0016,8,Active
C0016,9,At_Risk
C0016,10,At_Risk
C0016,11,Active
C0016,12,Active
C0017,1,Active
C0017,2,Active
C0017,3,Active
C0017,4,Active
C0017,5,Active
C0017,6,Active
C0017,7,Active
C0017,8,Active
C0017,9,At_Risk
C0017,10,Active
C0017,11,Active
C0017,12,Churned
C0018,1,Active
C0018,2,Active
C0018,3,Active
C0018,4,Active
C0018,5,Active
C0018,6,Active
C0018,7,At_Risk
C0018,8,At_Risk
C0018,9,Churned
C0018,10,Churned
C0018,11,Churned
C0018,12,Churned
C0019,1,Active
C0019,2,At_Risk
C0019,3,At_Risk
C0019,4,Active
C0019,5,Active
C0019,6,Active
C0019,7,Active
C0019,8,Active
C0019,9,Active
C0019,10,Active
C0019,11,Active
C0019,12,Active
C0020,1,Active
C0020,2,Active
C0020,3,Active
C0020,4,At_Risk
C0020,5,Churned
C0020,6,Churned
C0020,7,Churned
C0020,8,Churned
C0020,9,Churned
C0020,10,Churned
C0020,11,Churned
C0020,12,Churned
C0021,1,Active
C0021,2,Active
C0021,3,Active
C0021,4,Active
C0021,5,Active
C0021,6,Active
C0021,7,Churned
C0021,8,Churned
C0021,9,Churned
C0021,10,Churned
C0021,11,Churned
C0021,12,Churned
C0022,1,Active
C0022,2,Active
C0022,3,Active
C0022,4,Active
C0022,5,Active
C0022,6,Active
C0022,7,At_Risk
C0022,8,Active
C0022,9,At_Risk
C0022,10,At_Risk
C0022,11,Active
C0022,12,Active
C0023,1,Active
C0023,2,Churned
C0023,3,Churned
C0023,4,Churned
C0023,5,Churned
C0023,6,Churned
C0023,7,Churned
C0023,8,Churned
C0023,9,Churned
C0023,10,Churned
C0023,11,Churned
C0023,12,Churned
C0024,1,Active
C0024,2,At_Risk
C0024,3,At_Risk
C0024,4,Active
C0024,5,At_Risk
C0024,6,At_Risk
C0024,7,Churned
C0024,8,Churned
C0024,9,Churned
C0024,10,Churned
C0024,11,Churned
C0024,12,Churned
C0025,1,Active
C0025,2,Active
C0025,3,Active
C0025,4,At_Risk
C0025,5,At_Risk
C0025,6,At_Risk
C0025,7,Churned
C0025,8,Churned
C0025,9,Churned
C0025,10,Churned
C0025,11,Churned
C0025,12,Churned
C0026,1,Active
C0026,2,Active
C0026,3,At_Risk
C0026,4,At_Risk
C0026,5,At_Risk
C0026,6,At_Risk
C0026,7,Churned
C0026,8,Churned
C0026,9,Churned
C0026,10,Churned
C0026,11,Churned
C0026,12,Churned
C0027,1,Active
C0027,2,Active
C0027,3,Active
C0027,4,Active
C0027,5,At_Risk
C0027,6,Active
C0027,7,Active
C0027,8,Active
C0027,9,Active
C0027,10,Active
C0027,11,Active
C0027,12,At_Risk
C0028,1,Active
C0028,2,Active
C0028,3,Active
C0028,4,Active
C0028,5,Active
C0028,6,Active
C0028,7,Active
C0028,8,Active
C0028,9,Active
C0028,10,Active
C0028,11,Active
C0028,12,Active
C0029,1,Active
C0029,2,Active
C0029,3,At_Risk
C0029,4,At_Risk
C0029,5,At_Risk
C0029,6,At_Risk
C0029,7,Churned
C0029,8,Churned
C0029,9,Churned
C0029,10,Churned
C0029,11,Churned
C0029,12,Churned
C0030,1,Active
C0030,2,Active
C0030,3,Active
C0030,4,Active
C0030,5,Active
C0030,6,At_Risk
C0030,7,Active
C0030,8,Churned
C0030,9,Churned
C0030,10,Churned
C0030,11,Churned
C0030,12,Churned
C0031,1,Active
C0031,2,Active
C0031,3,Active
C0031,4,At_Risk
C0031,5,Active
C0031,6,Active
C0031,7,Active
C0031,8,Active
C0031,9,Active
C0031,10,Active
C0031,11,Active
C0031,12,Active
C0032,1,Active
C0032,2,Churned
C0032,3,Churned
C0032,4,Churned
C0032,5,Churned
C0032,6,Churned
C0032,7,Churned
C0032,8,Churned
C0032,9,Churned
C0032,10,Churned
C0032,11,Churned
C0032,12,Churned
C0033,1,Active
C0033,2,Active
C0033,3,Active
C0033,4,Active
C0033,5,Active
C0033,6,Active
C0033,7,Active
C0033,8,Active
C0033,9,At_Risk
C0033,10,Active
C0033,11,Active
C0033,12,Active
C0034,1,Active
C0034,2,Active
C0034,3,Active
C0034,4,Active
C0034,5,Active
C0034,6,Active
C0034,7,Active
C0034,8,Active
C0034,9,Active
C0034,10,Active
C0034,11,Active
C0034,12,Active
C0035,1,Active
C0035,2,Active
C0035,3,Active
C0035,4,Active
C0035,5,Active
C0035,6,Active
C0035,7,Churned
C0035,8,Churned
C0035,9,Churned
C0035,10,Churned
C0035,11,Churned
C0035,12,Churned
C0036,1,Active
C0036,2,Active
C0036,3,Active
C0036,4,Churned
C0036,5,Churned
C0036,6,Churned
C0036,7,Churned
C0036,8,Churned
C0036,9,Churned
C0036,10,Churned
C0036,11,Churned
C0036,12,Churned
C0037,1,Active
C0037,2,Active
C0037,3,Active
C0037,4,Active
C0037,5,At_Risk
C0037,6,Active
C0037,7,At_Risk
C0037,8,At_Risk
C0037,9,At_Risk
C0037,10,At_Risk
C0037,11,At_Risk
C0037,12,At_Risk
C0038,1,Active
C0038,2,Active
C0038,3,Active
C0038,4,Active
C0038,5,Active
C0038,6,Active
C0038,7,Active
C0038,8,Active
C0038,9,Active
C0038,10,At_Risk
C0038,11,At_Risk
C0038,12,At_Risk
C0039,1,Active
C0039,2,Active
C0039,3,Active
C0039,4,Active
C0039,5,At_Risk
C0039,6,Active
C0039,7,Active
C0039,8,Active
C0039,9,At_Risk
C0039,10,At_Risk
C0039,11,Active
C0039,12,Active
C0040,1,Active
C0040,2,Active
C0040,3,Active
C0040,4,Active
C0040,5,Active
C0040,6,Active
C0040,7,Active
C0040,8,At_Risk
C0040,9,Active
C0040,10,Active
C0040,11,Active
C0040,12,Active
C0041,1,Active
C0041,2,Active
C0041,3,At_Risk
C0041,4,Churned
C0041,5,Churned
C0041,6,Churned
C0041,7,Churned
C0041,8,Churned
C0041,9,Churned
C0041,10,Churned
C0041,11,Churned
C0041,12,Churned
C0042,1,Active
C0042,2,At_Risk
C0042,3,At_Risk
C0042,4,Active
C0042,5,Active
C0042,6,Active
C0042,7,Active
C0042,8,Active
C0042,9,Active
C0042,10,Active
C0042,11,Active
C0042,12,At_Risk
C0043,1,Active
C0043,2,Active
C0043,3,Active
C0043,4,Active
C0043,5,At_Risk
C0043,6,Active
C0043,7,Active
C0043,8,Active
C0043,9,Active
C0043,10,At_Risk
C0043,11,Active
C0043,12,At_Risk
C0044,1,Active
C0044,2,Active
C0044,3,Active
C0044,4,Active
C0044,5,Active
C0044,6,Active
C0044,7,Churned
C0044,8,Churned
C0044,9,Churned
C0044,10,Churned
C0044,11,Churned
C0044,12,Churned
C0045,1,Active
C0045,2,At_Risk
C0045,3,At_Risk
C0045,4,At_Risk
C0045,5,Active
C0045,6,Active
C0045,7,Active
C0045,8,Active
C0045,9,At_Risk
C0045,10,Churned
C0045,11,Churned
C0045,12,Churned
C0046,1,Active
C0046,2,At_Risk
C0046,3,Active
C0046,4,Active
C0046,5,Active
C0046,6,Active
C0046,7,Active
C0046,8,Churned
C0046,9,Churned
C0046,10,Churned
C0046,11,Churned
C0046,12,Churned
C0047,1,Active
C0047,2,Active
C0047,3,Active
C0047,4,Active
C0047,5,Active
C0047,6,Active
C0047,7,Active
C0047,8,At_Risk
C0047,9,At_Risk
C0047,10,At_Risk
C0047,11,At_Risk
C0047,12,At_Risk
C0048,1,Active
C0048,2,Active
C0048,3,Active
C0048,4,Active
C0048,5,Active
C0048,6,Active
C0048,7,Active
C0048,8,Active
C0048,9,Active
C0048,10,Active
C0048,11,Active
C0048,12,Active
C0049,1,Active
C0049,2,Active
C0049,3,At_Risk
C0049,4,At_Risk
C0049,5,Active
C0049,6,Active
C0049,7,Active
C0049,8,Active
C0049,9,Active
C0049,10,Active
C0049,11,Active
C0049,12,Active
C0050,1,Active
C0050,2,Active
C0050,3,At_Risk
C0050,4,At_Risk
C0050,5,Churned
C0050,6,Churned
C0050,7,Churned
C0050,8,Churned
C0050,9,Churned
C0050,10,Churned
C0050,11,Churned
C0050,12,Churned
C0051,1,Active
C0051,2,Active
C0051,3,Active
C0051,4,Active
C0051,5,Active
C0051,6,Active
C0051,7,Active
C0051,8,Active
C0051,9,At_Risk
C0051,10,Churned
C0051,11,Churned
C0051,12,Churned
C0052,1,Active
C0052,2,Active
C0052,3,Active
C0052,4,Active
C0052,5,Active
C0052,6,Active
C0052,7,Active
C0052,8,Active
C0052,9,Active
C0052,10,At_Risk
C0052,11,At_Risk
C0052,12,Active
C0053,1,Active
C0053,2,Active
C0053,3,Active
C0053,4,Active
C0053,5,Active
C0053,6,At_Risk
C0053,7,Churned
C0053,8,Churned
C0053,9,Churned
C0053,10,Churned
C0053,11,Churned
C0053,12,Churned
C0054,1,Active
C0054,2,Active
C0054,3,Active
C0054,4,Active
C0054,5,Active
C0054,6,Active
C0054,7,Active
C0054,8,Active
C0054,9,Churned
C0054,10,Churned
C0054,11,Churned
C0054,12,Churned
C0055,1,Active
C0055,2,Active
C0055,3,Active
C0055,4,Active
C0055,5,Active
C0055,6,Active
C0055,7,Active
C0055,8,Active
C0055,9,Active
C0055,10,At_Risk
C0055,11,Churned
C0055,12,Churned
C0056,1,Active
C0056,2,Active
C0056,3,At_Risk
C0056,4,At_Risk
C0056,5,Active
C0056,6,At_Risk
C0056,7,Active
C0056,8,Active
C0056,9,Active
C0056,10,At_Risk
C0056,11,Active
C0056,12,Active
C0057,1,Active
C0057,2,Active
C0057,3,Active
C0057,4,Active
C0057,5,Active
C0057,6,Active
C0057,7,Active
C0057,8,Active
C0057,9,Churned
C0057,10,Churned
C0057,11,Churned
C0057,12,Churned
C0058,1,Active
C0058,2,Active
C0058,3,At_Risk
C0058,4,Active
C0058,5,Active
C0058,6,Active
C0058,7,Active
C0058,8,At_Risk
C0058,9,Churned
C0058,10,Churned
C0058,11,Churned
C0058,12,Churned
C0059,1,Active
C0059,2,Active
C0059,3,Active
C0059,4,Active
C0059,5,At_Risk
C0059,6,Active
C0059,7,At_Risk
C0059,8,At_Risk
C0059,9,At_Risk
C0059,10,Churned
C0059,11,Churned
C0059,12,Churned
C0060,1,Active
C0060,2,Active
C0060,3,Churned
C0060,4,Churned
C0060,5,Churned
C0060,6,Churned
C0060,7,Churned
C0060,8,Churned
C0060,9,Churned
C0060,10,Churned
C0060,11,Churned
C0060,12,Churned
C0061,1,Active
C0061,2,Active
C0061,3,Active
C0061,4,At_Risk
C0061,5,Active
C0061,6,Active
C0061,7,Active
C0061,8,At_Risk
C0061,9,Churned
C0061,10,Churned
C0061,11,Churned
C0061,12,Churned
C0062,1,Active
C0062,2,Active
C0062,3,Active
C0062,4,Active
C0062,5,At_Risk
C0062,6,Churned
C0062,7,Churned
C0062,8,Churned
C0062,9,Churned
C0062,10,Churned
C0062,11,Churned
C0062,12,Churned
C0063,1,Active
C0063,2,Active
C0063,3,Active
C0063,4,Active
C0063,5,At_Risk
C0063,6,Active
C0063,7,Active
C0063,8,Active
C0063,9,Active
C0063,10,Active
C0063,11,Active
C0063,12,Active
C0064,1,Active
C0064,2,Active
C0064,3,At_Risk
C0064,4,At_Risk
C0064,5,At_Risk
C0064,6,At_Risk
C0064,7,At_Risk
C0064,8,Active
C0064,9,At_Risk
C0064,10,Churned
C0064,11,Churned
C0064,12,Churned
C0065,1,Active
C0065,2,Active
C0065,3,Active
C0065,4,Active
C0065,5,Active
C0065,6,Active
C0065,7,Active
C0065,8,Active
C0065,9,Active
C0065,10,Active
C0065,11,Active
C0065,12,Active
C0066,1,Active
C0066,2,Active
C0066,3,At_Risk
C0066,4,At_Risk
C0066,5,At_Risk
C0066,6,Active
C0066,7,At_Risk
C0066,8,Active
C0066,9,Active
C0066,10,Active
C0066,11,Active
C0066,12,Active
C0067,1,Active
C0067,2,Active
C0067,3,Active
C0067,4,At_Risk
C0067,5,Active
C0067,6,Active
C0067,7,Active
C0067,8,Active
C0067,9,Active
C0067,10,Churned
C0067,11,Churned
C0067,12,Churned
C0068,1,Active
C0068,2,Active
C0068,3,Churned
C0068,4,Churned
C0068,5,Churned
C0068,6,Churned
C0068,7,Churned
C0068,8,Churned
C0068,9,Churned
C0068,10,Churned
C0068,11,Churned
C0068,12,Churned
C0069,1,Active
C0069,2,Active
C0069,3,Active
C0069,4,Active
C0069,5,Active
C0069,6,Active
C0069,7,Active
C0069,8,At_Risk
C0069,9,At_Risk
C0069,10,Churned
C0069,11,Churned
C0069,12,Churned
C0070,1,Active
C0070,2,Active
C0070,3,Active
C0070,4,Active
C0070,5,Active
C0070,6,Active
C0070,7,Active
C0070,8,Active
C0070,9,Active
C0070,10,At_Risk
C0070,11,Churned
C0070,12,Churned
C0071,1,Active
C0071,2,Active
C0071,3,Churned
C0071,4,Churned
C0071,5,Churned
C0071,6,Churned
C0071,7,Churned
C0071,8,Churned
C0071,9,Churned
C0071,10,Churned
C0071,11,Churned
C0071,12,Churned
C0072,1,Active
C0072,2,Active
C0072,3,Active
C0072,4,At_Risk
C0072,5,At_Risk
C0072,6,Active
C0072,7,Active
C0072,8,At_Risk
C0072,9,Churned
C0072,10,Churned
C0072,11,Churned
C0072,12,Churned
C0073,1,Active
C0073,2,At_Risk
C0073,3,At_Risk
C0073,4,At_Risk
C0073,5,Active
C0073,6,Active
C0073,7,Active
C0073,8,Active
C0073,9,Active
C0073,10,At_Risk
C0073,11,Churned
C0073,12,Churned
C0074,1,Active
C0074,2,Active
C0074,3,Active
C0074,4,Active
C0074,5,Active
C0074,6,Active
C0074,7,Active
C0074,8,Active
C0074,9,Active
C0074,10,Active
C0074,11,Active
C0074,12,Active
C0075,1,Active
C0075,2,Active
C0075,3,Active
C0075,4,Active
C0075,5,Active
C0075,6,Active
C0075,7,At_Risk
C0075,8,At_Risk
C0075,9,Active
C0075,10,Active
C0075,11,Churned
C0075,12,Churned
C0076,1,Active
C0076,2,Active
C0076,3,Active
C0076,4,Active
C0076,5,At_Risk
C0076,6,At_Risk
C0076,7,At_Risk
C0076,8,At_Risk
C0076,9,Active
C0076,10,Active
C0076,11,Active
C0076,12,Churned
C0077,1,Active
C0077,2,Active
C0077,3,Active
C0077,4,Active
C0077,5,Active
C0077,6,Active
C0077,7,Active
C0077,8,Active
C0077,9,Active
C0077,10,Active
C0077,11,Active
C0077,12,Active
C0078,1,Active
C0078,2,Active
C0078,3,Active
C0078,4,Active
C0078,5,Active
C0078,6,Active
C0078,7,Active
C0078,8,Active
C0078,9,Active
C0078,10,Active
C0078,11,Active
C0078,12,Churned
C0079,1,Active
C0079,2,Active
C0079,3,At_Risk
C0079,4,At_Risk
C0079,5,Active
C0079,6,Active
C0079,7,Active
C0079,8,Active
C0079,9,Active
C0079,10,Active
C0079,11,Active
C0079,12,Active
C0080,1,Active
C0080,2,Active
C0080,3,Active
C0080,4,At_Risk
C0080,5,Active
C0080,6,Active
C0080,7,At_Risk
C0080,8,At_Risk
C0080,9,Churned
C0080,10,Churned
C0080,11,Churned
C0080,12,Churned
C0081,1,Active
C0081,2,Active
C0081,3,Active
C0081,4,Active
C0081,5,Active
C0081,6,Active
C0081,7,Active
C0081,8,Active
C0081,9,Active
C0081,10,Active
C0081,11,Active
C0081,12,At_Risk
C0082,1,Active
C0082,2,Active
C0082,3,Active
C0082,4,Active
C0082,5,Active
C0082,6,Active
C0082,7,Active
C0082,8,Active
C0082,9,Active
C0082,10,Active
C0082,11,At_Risk
C0082,12,Churned
C0083,1,Active
C0083,2,At_Risk
C0083,3,At_Risk
C0083,4,Active
C0083,5,Active
C0083,6,Active
C0083,7,Active
C0083,8,Active
C0083,9,At_Risk
C0083,10,Churned
C0083,11,Churned
C0083,12,Churned
C0084,1,Active
C0084,2,Active
C0084,3,Active
C0084,4,Active
C0084,5,Active
C0084,6,Active
C0084,7,Active
C0084,8,Active
C0084,9,Active
C0084,10,Active
C0084,11,At_Risk
C0084,12,At_Risk
C0085,1,Active
C0085,2,Active
C0085,3,At_Risk
C0085,4,Churned
C0085,5,Churned
C0085,6,Churned
C0085,7,Churned
C0085,8,Churned
C0085,9,Churned
C0085,10,Churned
C0085,11,Churned
C0085,12,Churned
C0086,1,Active
C0086,2,Active
C0086,3,At_Risk
C0086,4,At_Risk
C0086,5,Active
C0086,6,At_Risk
C0086,7,Churned
C0086,8,Churned
C0086,9,Churned
C0086,10,Churned
C0086,11,Churned
C0086,12,Churned
C0087,1,Active
C0087,2,Active
C0087,3,Active
C0087,4,Active
C0087,5,Active
C0087,6,Active
C0087,7,Active
C0087,8,Active
C0087,9,At_Risk
C0087,10,Churned
C0087,11,Churned
C0087,12,Churned
C0088,1,Active
C0088,2,Active
C0088,3,Active
C0088,4,At_Risk
C0088,5,Churned
C0088,6,Churned
C0088,7,Churned
C0088,8,Churned
C0088,9,Churned
C0088,10,Churned
C0088,11,Churned
C0088,12,Churned
C0089,1,Active
C0089,2,Active
C0089,3,Active
C0089,4,Active
C0089,5,Active
C0089,6,Active
C0089,7,Active
C0089,8,Active
C0089,9,Active
C0089,10,Active
C0089,11,Active
C0089,12,Active
C0090,1,Active
C0090,2,Active
C0090,3,Active
C0090,4,Active
C0090,5,Active
C0090,6,Churned
C0090,7,Churned
C0090,8,Churned
C0090,9,Churned
C0090,10,Churned
C0090,11,Churned
C0090,12,Churned
C0091,1,Active
C0091,2,Active
C0091,3,Active
C0091,4,Churned
C0091,5,Churned
C0091,6,Churned
C0091,7,Churned
C0091,8,Churned
C0091,9,Churned
C0091,10,Churned
C0091,11,Churned
C0091,12,Churned
C0092,1,Active
C0092,2,Active
C0092,3,Active
C0092,4,Active
C0092,5,Active
C0092,6,Active
C0092,7,Active
C0092,8,Active
C0092,9,At_Risk
C0092,10,Active
C0092,11,Active
C0092,12,Active
C0093,1,Active
C0093,2,Active
C0093,3,Active
C0093,4,Active
C0093,5,Active
C0093,6,Active
C0093,7,Active
C0093,8,At_Risk
C0093,9,At_Risk
C0093,10,At_Risk
C0093,11,Churned
C0093,12,Churned
C0094,1,Active
C0094,2,Active
C0094,3,Active
C0094,4,At_Risk
C0094,5,At_Risk
C0094,6,Active
C0094,7,Active
C0094,8,Active
C0094,9,At_Risk
C0094,10,Active
C0094,11,Active
C0094,12,Active
C0095,1,Active
C0095,2,Active
C0095,3,Active
C0095,4,At_Risk
C0095,5,At_Risk
C0095,6,At_Risk
C0095,7,Churned
C0095,8,Churned
C0095,9,Churned
C0095,10,Churned
C0095,11,Churned
C0095,12,Churned
C0096,1,Active
C0096,2,Active
C0096,3,Active
C0096,4,Active
C0096,5,Active
C0096,6,Active
C0096,7,Active
C0096,8,Churned
C0096,9,Churned
C0096,10,Churned
C0096,11,Churned
C0096,12,Churned
C0097,1,Active
C0097,2,Active
C0097,3,Active
C0097,4,Active
C0097,5,Active
C0097,6,Active
C0097,7,Active
C0097,8,Active
C0097,9,Active
C0097,10,Active
C0097,11,Active
C0097,12,Active
C0098,1,Active
C0098,2,Active
C0098,3,Active
C0098,4,Active
C0098,5,Active
C0098,6,Active
C0098,7,Active
C0098,8,Active
C0098,9,At_Risk
C0098,10,At_Risk
C0098,11,At_Risk
C0098,12,Active
C0099,1,Active
C0099,2,Active
C0099,3,Active
C0099,4,At_Risk
C0099,5,Active
C0099,6,At_Risk
C0099,7,At_Risk
C0099,8,Churned
C0099,9,Churned
C0099,10,Churned
C0099,11,Churned
C0099,12,Churned
C0100,1,Active
C0100,2,Churned
C0100,3,Churned
C0100,4,Churned
C0100,5,Churned
C0100,6,Churned
C0100,7,Churned
C0100,8,Churned
C0100,9,Churned
C0100,10,Churned
C0100,11,Churned
C0100,12,Churned
C0101,1,Active
C0101,2,At_Risk
C0101,3,Active
C0101,4,Active
C0101,5,At_Risk
C0101,6,At_Risk
C0101,7,At_Risk
C0101,8,At_Risk
C0101,9,Active
C0101,10,Active
C0101,11,Active
C0101,12,Active
C0102,1,Active
C0102,2,Active
C0102,3,Active
C0102,4,Active
C0102,5,Active
C0102,6,Active
C0102,7,Active
C0102,8,Active
C0102,9,Active
C0102,10,Active
C0102,11,Active
C0102,12,Active
C0103,1,Active
C0103,2,Active
C0103,3,Active
C0103,4,Churned
C0103,5,Churned
C0103,6,Churned
C0103,7,Churned
C0103,8,Churned
C0103,9,Churned
C0103,10,Churned
C0103,11,Churned
C0103,12,Churned
C0104,1,Active
C0104,2,Churned
C0104,3,Churned
C0104,4,Churned
C0104,5,Churned
C0104,6,Churned
C0104,7,Churned
C0104,8,Churned
C0104,9,Churned
C0104,10,Churned
C0104,11,Churned
C0104,12,Churned
C0105,1,Active
C0105,2,Active
C0105,3,At_Risk
C0105,4,Active
C0105,5,Active
C0105,6,Active
C0105,7,Active
C0105,8,Active
C0105,9,Active
C0105,10,Active
C0105,11,Active
C0105,12,Active
C0106,1,Active
C0106,2,Active
C0106,3,At_Risk
C0106,4,Active
C0106,5,Active
C0106,6,Active
C0106,7,Churned
C0106,8,Churned
C0106,9,Churned
C0106,10,Churned
C0106,11,Churned
C0106,12,Churned
C0107,1,Active
C0107,2,Active
C0107,3,Active
C0107,4,At_Risk
C0107,5,At_Risk
C0107,6,Churned
C0107,7,Churned
C0107,8,Churned
C0107,9,Churned
C0107,10,Churned
C0107,11,Churned
C0107,12,Churned
C0108,1,Active
C0108,2,Active
C0108,3,Active
C0108,4,At_Risk
C0108,5,At_Risk
C0108,6,Active
C0108,7,Active
C0108,8,Active
C0108,9,Active
C0108,10,At_Risk
C0108,11,Active
C0108,12,Active
C0109,1,Active
C0109,2,Active
C0109,3,Active
C0109,4,Active
C0109,5,Active
C0109,6,Active
C0109,7,Active
C0109,8,Active
C0109,9,At_Risk
C0109,10,At_Risk
C0109,11,Churned
C0109,12,Churned
C0110,1,Active
C0110,2,At_Risk
C0110,3,Churned
C0110,4,Churned
C0110,5,Churned
C0110,6,Churned
C0110,7,Churned
C0110,8,Churned
C0110,9,Churned
C0110,10,Churned
C0110,11,Churned
C0110,12,Churned
C0111,1,Active
C0111,2,Active
C0111,3,Active
C0111,4,Active
C0111,5,At_Risk
C0111,6,Active
C0111,7,Active
C0111,8,Active
C0111,9,Active
C0111,10,At_Risk
C0111,11,At_Risk
C0111,12,At_Risk
C0112,1,Active
C0112,2,Active
C0112,3,At_Risk
C0112,4,At_Risk
C0112,5,At_Risk
C0112,6,At_Risk
C0112,7,At_Risk
C0112,8,Active
C0112,9,Active
C0112,10,Active
C0112,11,Active
C0112,12,Active
C0113,1,Active
C0113,2,Active
C0113,3,Active
C0113,4,Active
C0113,5,Churned
C0113,6,Churned
C0113,7,Churned
C0113,8,Churned
C0113,9,Churned
C0113,10,Churned
C0113,11,Churned
C0113,12,Churned
C0114,1,Active
C0114,2,Active
C0114,3,Active
C0114,4,Active
C0114,5,Active
C0114,6,At_Risk
C0114,7,Churned
C0114,8,Churned
C0114,9,Churned
C0114,10,Churned
C0114,11,Churned
C0114,12,Churned
C0115,1,Active
C0115,2,Active
C0115,3,Active
C0115,4,Active
C0115,5,At_Risk
C0115,6,At_Risk
C0115,7,At_Risk
C0115,8,At_Risk
C0115,9,At_Risk
C0115,10,Active
C0115,11,At_Risk
C0115,12,At_Risk
C0116,1,Active
C0116,2,At_Risk
C0116,3,At_Risk
C0116,4,Churned
C0116,5,Churned
C0116,6,Churned
C0116,7,Churned
C0116,8,Churned
C0116,9,Churned
C0116,10,Churned
C0116,11,Churned
C0116,12,Churned
C0117,1,Active
C0117,2,Active
C0117,3,Active
C0117,4,Active
C0117,5,Active
C0117,6,Active
C0117,7,Active
C0117,8,At_Risk
C0117,9,Churned
C0117,10,Churned
C0117,11,Churned
C0117,12,Churned
C0118,1,Active
C0118,2,Active
C0118,3,Active
C0118,4,Active
C0118,5,At_Risk
C0118,6,At_Risk
C0118,7,Active
C0118,8,Churned
C0118,9,Churned
C0118,10,Churned
C0118,11,Churned
C0118,12,Churned
C0119,1,Active
C0119,2,Active
C0119,3,Active
C0119,4,Active
C0119,5,At_Risk
C0119,6,Churned
C0119,7,Churned
C0119,8,Churned
C0119,9,Churned
C0119,10,Churned
C0119,11,Churned
C0119,12,Churned
C0120,1,Active
C0120,2,Active
C0120,3,At_Risk
C0120,4,Active
C0120,5,Active
C0120,6,Active
C0120,7,Active
C0120,8,Active
C0120,9,Active
C0120,10,Active
C0120,11,Active
C0120,12,Active
C0121,1,Active
C0121,2,Active
C0121,3,Active
C0121,4,Active
C0121,5,Active
C0121,6,Active
C0121,7,Active
C0121,8,Active
C0121,9,Active
C0121,10,Active
C0121,11,Active
C0121,12,Active
C0122,1,Active
C0122,2,Active
C0122,3,Active
C0122,4,Active
C0122,5,Active
C0122,6,Active
C0122,7,Active
C0122,8,Active
C0122,9,Active
C0122,10,Churned
C0122,11,Churned
C0122,12,Churned
C0123,1,Active
C0123,2,Active
C0123,3,Active
C0123,4,Active
C0123,5,At_Risk
C0123,6,Active
C0123,7,Active
C0123,8,Active
C0123,9,Churned
C0123,10,Churned
C0123,11,Churned
C0123,12,Churned
C0124,1,Active
C0124,2,Active
C0124,3,Active
C0124,4,Active
C0124,5,Active
C0124,6,At_Risk
C0124,7,At_Risk
C0124,8,Churned
C0124,9,Churned
C0124,10,Churned
C0124,11,Churned
C0124,12,Churned
C0125,1,Active
C0125,2,Active
C0125,3,Active
C0125,4,At_Risk
C0125,5,Churned
C0125,6,Churned
C0125,7,Churned
C0125,8,Churned
C0125,9,Churned
C0125,10,Churned
C0125,11,Churned
C0125,12,Churned
C0126,1,Active
C0126,2,Active
C0126,3,At_Risk
C0126,4,Active
C0126,5,Active
C0126,6,Active
C0126,7,Active
C0126,8,Active
C0126,9,At_Risk
C0126,10,Churned
C0126,11,Churned
C0126,12,Churned
C0127,1,Active
C0127,2,Active
C0127,3,Active
C0127,4,At_Risk
C0127,5,Churned
C0127,6,Churned
C0127,7,Churned
C0127,8,Churned
C0127,9,Churned
C0127,10,Churned
C0127,11,Churned
C0127,12,Churned
C0128,1,Active
C0128,2,Active
C0128,3,Active
C0128,4,At_Risk
C0128,5,Active
C0128,6,Active
C0128,7,Active
C0128,8,Active
C0128,9,Active
C0128,10,Active
C0128,11,At_Risk
C0128,12,At_Risk
C0129,1,Active
C0129,2,Active
C0129,3,Active
C0129,4,At_Risk
C0129,5,At_Risk
C0129,6,At_Risk
C0129,7,At_Risk
C0129,8,Active
C0129,9,Active
C0129,10,Active
C0129,11,At_Risk
C0129,12,Active
C0130,1,Active
C0130,2,Active
C0130,3,Active
C0130,4,Active
C0130,5,Active
C0130,6,Active
C0130,7,Active
C0130,8,Active
C0130,9,Active
C0130,10,At_Risk
C0130,11,At_Risk
C0130,12,Churned
C0131,1,Active
C0131,2,Active
C0131,3,Active
C0131,4,Active
C0131,5,At_Risk
C0131,6,At_Risk
C0131,7,Active
C0131,8,Active
C0131,9,Active
C0131,10,Active
C0131,11,Active
C0131,12,Active
C0132,1,Active
C0132,2,At_Risk
C0132,3,At_Risk
C0132,4,At_Risk
C0132,5,Churned
C0132,6,Churned
C0132,7,Churned
C0132,8,Churned
C0132,9,Churned
C0132,10,Churned
C0132,11,Churned
C0132,12,Churned
C0133,1,Active
C0133,2,Active
C0133,3,Active
C0133,4,Active
C0133,5,Active
C0133,6,Active
C0133,7,Active
C0133,8,Active
C0133,9,Active
C0133,10,Churned
C0133,11,Churned
C0133,12,Churned
C0134,1,Active
C0134,2,Active
C0134,3,Churned
C0134,4,Churned
C0134,5,Churned
C0134,6,Churned
C0134,7,Churned
C0134,8,Churned
C0134,9,Churned
C0134,10,Churned
C0134,11,Churned
C0134,12,Churned
C0135,1,Active
C0135,2,Active
C0135,3,Churned
C0135,4,Churned
C0135,5,Churned
C0135,6,Churned
C0135,7,Churned
C0135,8,Churned
C0135,9,Churned
C0135,10,Churned
C0135,11,Churned
C0135,12,Churned
C0136,1,Active
C0136,2,Active
C0136,3,At_Risk
C0136,4,At_Risk
C0136,5,Churned
C0136,6,Churned
C0136,7,Churned
C0136,8,Churned
C0136,9,Churned
C0136,10,Churned
C0136,11,Churned
C0136,12,Churned
C0137,1,Active
C0137,2,Churned
C0137,3,Churned
C0137,4,Churned
C0137,5,Churned
C0137,6,Churned
C0137,7,Churned
C0137,8,Churned
C0137,9,Churned
C0137,10,Churned
C0137,11,Churned
C0137,12,Churned
C0138,1,Active
C0138,2,Active
C0138,3,Active
C0138,4,Active
C0138,5,Active
C0138,6,Active
C0138,7,Active
C0138,8,Active
C0138,9,At_Risk
C0138,10,Active
C0138,11,Active
C0138,12,Active
C0139,1,Active
C0139,2,Active
C0139,3,At_Risk
C0139,4,Active
C0139,5,Active
C0139,6,Active
C0139,7,Active
C0139,8,Active
C0139,9,Active
C0139,10,Active
C0139,11,Active
C0139,12,At_Risk
C0140,1,Active
C0140,2,Active
C0140,3,Active
C0140,4,Active
C0140,5,Active
C0140,6,Active
C0140,7,Active
C0140,8,At_Risk
C0140,9,Active
C0140,10,Active
C0140,11,At_Risk
C0140,12,At_Risk
C0141,1,Active
C0141,2,Active
C0141,3,Active
C0141,4,Active
C0141,5,Active
C0141,6,At_Risk
C0141,7,Active
C0141,8,Active
C0141,9,Active
C0141,10,Active
C0141,11,Active
C0141,12,Active
C0142,1,Active
C0142,2,Active
C0142,3,At_Risk
C0142,4,At_Risk
C0142,5,Active
C0142,6,Active
C0142,7,Active
C0142,8,Active
C0142,9,Active
C0142,10,Active
C0142,11,At_Risk
C0142,12,At_Risk
C0143,1,Active
C0143,2,At_Risk
C0143,3,At_Risk
C0143,4,At_Risk
C0143,5,Churned
C0143,6,Churned
C0143,7,Churned
C0143,8,Churned
C0143,9,Churned
C0143,10,Churned
C0143,11,Churned
C0143,12,Churned
C0144,1,Active
C0144,2,Active
C0144,3,Active
C0144,4,Active
C0144,5,Active
C0144,6,Churned
C0144,7,Churned
C0144,8,Churned
C0144,9,Churned
C0144,10,Churned
C0144,11,Churned
C0144,12,Churned
C0145,1,Active
C0145,2,Active
C0145,3,Churned
C0145,4,Churned
C0145,5,Churned
C0145,6,Churned
C0145,7,Churned
C0145,8,Churned
C0145,9,Churned
C0145,10,Churned
C0145,11,Churned
C0145,12,Churned
C0146,1,Active
C0146,2,Active
C0146,3,Active
C0146,4,Active
C0146,5,Active
C0146,6,At_Risk
C0146,7,At_Risk
C0146,8,At_Risk
C0146,9,At_Risk
C0146,10,At_Risk
C0146,11,Churned
C0146,12,Churned
C0147,1,Active
C0147,2,Active
C0147,3,Active
C0147,4,Churned
C0147,5,Churned
C0147,6,Churned
C0147,7,Churned
C0147,8,Churned
C0147,9,Churned
C0147,10,Churned
C0147,11,Churned
C0147,12,Churned
C0148,1,Active
C0148,2,Active
C0148,3,Active
C0148,4,Active
C0148,5,At_Risk
C0148,6,At_Risk
C0148,7,At_Risk
C0148,8,At_Risk
C0148,9,At_Risk
C0148,10,Churned
C0148,11,Churned
C0148,12,Churned
C0149,1,Active
C0149,2,Active
C0149,3,Active
C0149,4,Active
C0149,5,Active
C0149,6,Active
C0149,7,At_Risk
C0149,8,Active
C0149,9,Active
C0149,10,At_Risk
C0149,11,At_Risk
C0149,12,Active
C0150,1,Active
C0150,2,Active
C0150,3,Active
C0150,4,Active
C0150,5,Active
C0150,6,Active
C0150,7,Active
C0150,8,Active
C0150,9,Active
C0150,10,Active
C0150,11,Active
C0150,12,Active
C0151,1,Active
C0151,2,At_Risk
C0151,3,At_Risk
C0151,4,At_Risk
C0151,5,Active
C0151,6,Active
C0151,7,At_Risk
C0151,8,Active
C0151,9,Active
C0151,10,Churned
C0151,11,Churned
C0151,12,Churned
C0152,1,Active
C0152,2,At_Risk
C0152,3,Churned
C0152,4,Churned
C0152,5,Churned
C0152,6,Churned
C0152,7,Churned
C0152,8,Churned
C0152,9,Churned
C0152,10,Churned
C0152,11,Churned
C0152,12,Churned
C0153,1,Active
C0153,2,Active
C0153,3,Active
C0153,4,Active
C0153,5,Active
C0153,6,Active
C0153,7,Active
C0153,8,Churned
C0153,9,Churned
C0153,10,Churned
C0153,11,Churned
C0153,12,Churned
C0154,1,Active
C0154,2,Active
C0154,3,Active
C0154,4,Churned
C0154,5,Churned
C0154,6,Churned
C0154,7,Churned
C0154,8,Churned
C0154,9,Churned
C0154,10,Churned
C0154,11,Churned
C0154,12,Churned
C0155,1,Active
C0155,2,Active
C0155,3,At_Risk
C0155,4,Active
C0155,5,Active
C0155,6,Active
C0155,7,Active
C0155,8,Active
C0155,9,Active
C0155,10,Active
C0155,11,At_Risk
C0155,12,At_Risk
C0156,1,Active
C0156,2,Active
C0156,3,Active
C0156,4,Active
C0156,5,Active
C0156,6,Active
C0156,7,Active
C0156,8,Active
C0156,9,Active
C0156,10,Active
C0156,11,Churned
C0156,12,Churned
C0157,1,Active
C0157,2,Active
C0157,3,Active
C0157,4,Active
C0157,5,Active
C0157,6,At_Risk
C0157,7,At_Risk
C0157,8,At_Risk
C0157,9,At_Risk
C0157,10,At_Risk
C0157,11,Churned
C0157,12,Churned
C0158,1,Active
C0158,2,Active
C0158,3,Active
C0158,4,Active
C0158,5,Active
C0158,6,Active
C0158,7,Active
C0158,8,Active
C0158,9,Active
C0158,10,Active
C0158,11,Active
C0158,12,Active
C0159,1,Active
C0159,2,Active
C0159,3,Active
C0159,4,Active
C0159,5,At_Risk
C0159,6,At_Risk
C0159,7,Active
C0159,8,Active
C0159,9,Active
C0159,10,Active
C0159,11,Active
C0159,12,Active
C0160,1,Active
C0160,2,Active
C0160,3,Active
C0160,4,Active
C0160,5,Active
C0160,6,Active
C0160,7,At_Risk
C0160,8,At_Risk
C0160,9,Churned
C0160,10,Churned
C0160,11,Churned
C0160,12,Churned
C0161,1,Active
C0161,2,Active
C0161,3,Active
C0161,4,Active
C0161,5,Churned
C0161,6,Churned
C0161,7,Churned
C0161,8,Churned
C0161,9,Churned
C0161,10,Churned
C0161,11,Churned
C0161,12,Churned
C0162,1,Active
C0162,2,At_Risk
C0162,3,At_Risk
C0162,4,At_Risk
C0162,5,At_Risk
C0162,6,Active
C0162,7,Active
C0162,8,Active
C0162,9,Active
C0162,10,Active
C0162,11,Active
C0162,12,Active
C0163,1,Active
C0163,2,Active
C0163,3,Active
C0163,4,Active
C0163,5,Active
C0163,6,Active
C0163,7,Active
C0163,8,At_Risk
C0163,9,Churned
C0163,10,Churned
C0163,11,Churned
C0163,12,Churned
C0164,1,Active
C0164,2,Active
C0164,3,Active
C0164,4,Active
C0164,5,Active
C0164,6,Active
C0164,7,Active
C0164,8,At_Risk
C0164,9,Active
C0164,10,Active
C0164,11,Active
C0164,12,Active
C0165,1,Active
C0165,2,Active
C0165,3,Active
C0165,4,Active
C0165,5,Active
C0165,6,Active
C0165,7,At_Risk
C0165,8,Active
C0165,9,Active
C0165,10,Active
C0165,11,Active
C0165,12,Active
C0166,1,Active
C0166,2,Active
C0166,3,Active
C0166,4,Active
C0166,5,Active
C0166,6,Active
C0166,7,Active
C0166,8,Active
C0166,9,Active
C0166,10,Active
C0166,11,Active
C0166,12,Active
C0167,1,Active
C0167,2,At_Risk
C0167,3,Active
C0167,4,Active
C0167,5,Active
C0167,6,Active
C0167,7,Active
C0167,8,Active
C0167,9,At_Risk
C0167,10,Active
C0167,11,Active
C0167,12,Active
C0168,1,Active
C0168,2,At_Risk
C0168,3,Active
C0168,4,Active
C0168,5,Active
C0168,6,Active
C0168,7,Active
C0168,8,Active
C0168,9,Active
C0168,10,Active
C0168,11,At_Risk
C0168,12,Churned
C0169,1,Active
C0169,2,Active
C0169,3,Active
C0169,4,Active
C0169,5,Active
C0169,6,Active
C0169,7,Active
C0169,8,At_Risk
C0169,9,At_Risk
C0169,10,At_Risk
C0169,11,At_Risk
C0169,12,Active
C0170,1,Active
C0170,2,Churned
C0170,3,Churned
C0170,4,Churned
C0170,5,Churned
C0170,6,Churned
C0170,7,Churned
C0170,8,Churned
C0170,9,Churned
C0170,10,Churned
C0170,11,Churned
C0170,12,Churned
C0171,1,Active
C0171,2,Active
C0171,3,Active
C0171,4,Active
C0171,5,At_Risk
C0171,6,At_Risk
C0171,7,Churned
C0171,8,Churned
C0171,9,Churned
C0171,10,Churned
C0171,11,Churned
C0171,12,Churned
C0172,1,Active
C0172,2,Active
C0172,3,At_Risk
C0172,4,At_Risk
C0172,5,Churned
C0172,6,Churned
C0172,7,Churned
C0172,8,Churned
C0172,9,Churned
C0172,10,Churned
C0172,11,Churned
C0172,12,Churned
C0173,1,Active
C0173,2,Active
C0173,3,Active
C0173,4,Active
C0173,5,Active
C0173,6,Active
C0173,7,Active
C0173,8,Active
C0173,9,At_Risk
C0173,10,At_Risk
C0173,11,Churned
C0173,12,Churned
C0174,1,Active
C0174,2,At_Risk
C0174,3,Churned
C0174,4,Churned
C0174,5,Churned
C0174,6,Churned
C0174,7,Churned
C0174,8,Churned
C0174,9,Churned
C0174,10,Churned
C0174,11,Churned
C0174,12,Churned
C0175,1,Active
C0175,2,Active
C0175,3,Churned
C0175,4,Churned
C0175,5,Churned
C0175,6,Churned
C0175,7,Churned
C0175,8,Churned
C0175,9,Churned
C0175,10,Churned
C0175,11,Churned
C0175,12,Churned
C0176,1,Active
C0176,2,Active
C0176,3,Active
C0176,4,Active
C0176,5,Active
C0176,6,Active
C0176,7,Churned
C0176,8,Churned
C0176,9,Churned
C0176,10,Churned
C0176,11,Churned
C0176,12,Churned
C0177,1,Active
C0177,2,Active
C0177,3,Active
C0177,4,Active
C0177,5,Active
C0177,6,Active
C0177,7,Active
C0177,8,Active
C0177,9,Active
C0177,10,Active
C0177,11,Active
C0177,12,Active
C0178,1,Active
C0178,2,Churned
C0178,3,Churned
C0178,4,Churned
C0178,5,Churned
C0178,6,Churned
C0178,7,Churned
C0178,8,Churned
C0178,9,Churned
C0178,10,Churned
C0178,11,Churned
C0178,12,Churned
C0179,1,Active
C0179,2,At_Risk
C0179,3,At_Risk
C0179,4,Active
C0179,5,Active
C0179,6,At_Risk
C0179,7,At_Risk
C0179,8,At_Risk
C0179,9,At_Risk
C0179,10,At_Risk
C0179,11,At_Risk
C0179,12,At_Risk
C0180,1,Active
C0180,2,Active
C0180,3,Active
C0180,4,At_Risk
C0180,5,Churned
C0180,6,Churned
C0180,7,Churned
C0180,8,Churned
C0180,9,Churned
C0180,10,Churned
C0180,11,Churned
C0180,12,Churned
C0181,1,Active
C0181,2,At_Risk
C0181,3,At_Risk
C0181,4,Active
C0181,5,Active
C0181,6,At_Risk
C0181,7,Active
C0181,8,Active
C0181,9,Active
C0181,10,Active
C0181,11,Active
C0181,12,Active
C0182,1,Active
C0182,2,At_Risk
C0182,3,Active
C0182,4,At_Risk
C0182,5,Churned
C0182,6,Churned
C0182,7,Churned
C0182,8,Churned
C0182,9,Churned
C0182,10,Churned
C0182,11,Churned
C0182,12,Churned
C0183,1,Active
C0183,2,Active
C0183,3,Active
C0183,4,Active
C0183,5,At_Risk
C0183,6,At_Risk
C0183,7,Churned
C0183,8,Churned
C0183,9,Churned
C0183,10,Churned
C0183,11,Churned
C0183,12,Churned
C0184,1,Active
C0184,2,Active
C0184,3,Churned
C0184,4,Churned
C0184,5,Churned
C0184,6,Churned
C0184,7,Churned
C0184,8,Churned
C0184,9,Churned
C0184,10,Churned
C0184,11,Churned
C0184,12,Churned
C0185,1,Active
C0185,2,Active
C0185,3,Churned
C0185,4,Churned
C0185,5,Churned
C0185,6,Churned
C0185,7,Churned
C0185,8,Churned
C0185,9,Churned
C0185,10,Churned
C0185,11,Churned
C0185,12,Churned
C0186,1,Active
C0186,2,Active
C0186,3,Active
C0186,4,Active
C0186,5,At_Risk
C0186,6,At_Risk
C0186,7,At_Risk
C0186,8,At_Risk
C0186,9,At_Risk
C0186,10,At_Risk
C0186,11,Active
C0186,12,Active
C0187,1,Active
C0187,2,Active
C0187,3,Active
C0187,4,Active
C0187,5,Churned
C0187,6,Churned
C0187,7,Churned
C0187,8,Churned
C0187,9,Churned
C0187,10,Churned
C0187,11,Churned
C0187,12,Churned
C0188,1,Active
C0188,2,Active
C0188,3,Active
C0188,4,Active
C0188,5,Active
C0188,6,Active
C0188,7,Active
C0188,8,Active
C0188,9,Active
C0188,10,Active
C0188,11,Churned
C0188,12,Churned
C0189,1,Active
C0189,2,Active
C0189,3,At_Risk
C0189,4,At_Risk
C0189,5,At_Risk
C0189,6,Churned
C0189,7,Churned
C0189,8,Churned
C0189,9,Churned
C0189,10,Churned
C0189,11,Churned
C0189,12,Churned
C0190,1,Active
C0190,2,Active
C0190,3,Active
C0190,4,Active
C0190,5,Active
C0190,6,Active
C0190,7,Active
C0190,8,Active
C0190,9,Active
C0190,10,At_Risk
C0190,11,Churned
C0190,12,Churned
C0191,1,Active
C0191,2,At_Risk
C0191,3,Churned
C0191,4,Churned
C0191,5,Churned
C0191,6,Churned
C0191,7,Churned
C0191,8,Churned
C0191,9,Churned
C0191,10,Churned
C0191,11,Churned
C0191,12,Churned
C0192,1,Active
C0192,2,Active
C0192,3,At_Risk
C0192,4,Churned
C0192,5,Churned
C0192,6,Churned
C0192,7,Churned
C0192,8,Churned
C0192,9,Churned
C0192,10,Churned
C0192,11,Churned
C0192,12,Churned
C0193,1,Active
C0193,2,Active
C0193,3,Active
C0193,4,Active
C0193,5,Active
C0193,6,Active
C0193,7,Active
C0193,8,Active
C0193,9,At_Risk
C0193,10,Active
C0193,11,Active
C0193,12,Active
C0194,1,Active
C0194,2,At_Risk
C0194,3,Active
C0194,4,Active
C0194,5,Active
C0194,6,Active
C0194,7,Active
C0194,8,Active
C0194,9,Active
C0194,10,Active
C0194,11,Active
C0194,12,Active
C0195,1,Active
C0195,2,Active
C0195,3,At_Risk
C0195,4,Active
C0195,5,Active
C0195,6,Active
C0195,7,Active
C0195,8,At_Risk
C0195,9,Active
C0195,10,Active
C0195,11,At_Risk
C0195,12,Active
C0196,1,Active
C0196,2,Active
C0196,3,Active
C0196,4,At_Risk
C0196,5,At_Risk
C0196,6,Active
C0196,7,Active
C0196,8,At_Risk
C0196,9,At_Risk
C0196,10,At_Risk
C0196,11,Churned
C0196,12,Churned
C0197,1,Active
C0197,2,Active
C0197,3,Active
C0197,4,Active
C0197,5,Active
C0197,6,Active
C0197,7,Active
C0197,8,Active
C0197,9,Active
C0197,10,Active
C0197,11,Active
C0197,12,Active
C0198,1,Active
C0198,2,At_Risk
C0198,3,Churned
C0198,4,Churned
C0198,5,Churned
C0198,6,Churned
C0198,7,Churned
C0198,8,Churned
C0198,9,Churned
C0198,10,Churned
C0198,11,Churned
C0198,12,Churned
C0199,1,Active
C0199,2,Active
C0199,3,Active
C0199,4,At_Risk
C0199,5,At_Risk
C0199,6,At_Risk
C0199,7,At_Risk
C0199,8,Churned
C0199,9,Churned
C0199,10,Churned
C0199,11,Churned
C0199,12,Churned
C0200,1,Active
C0200,2,Active
C0200,3,Active
C0200,4,Churned
C0200,5,Churned
C0200,6,Churned
C0200,7,Churned
C0200,8,Churned
C0200,9,Churned
C0200,10,Churned
C0200,11,Churned
C0200,12,Churned
C0201,1,Active
C0201,2,Active
C0201,3,Active
C0201,4,Active
C0201,5,Active
C0201,6,Active
C0201,7,Active
C0201,8,Active
C0201,9,Active
C0201,10,Active
C0201,11,At_Risk
C0201,12,Churned
C0202,1,Active
C0202,2,Churned
C0202,3,Churned
C0202,4,Churned
C0202,5,Churned
C0202,6,Churned
C0202,7,Churned
C0202,8,Churned
C0202,9,Churned
C0202,10,Churned
C0202,11,Churned
C0202,12,Churned
C0203,1,Active
C0203,2,Active
C0203,3,Churned
C0203,4,Churned
C0203,5,Churned
C0203,6,Churned
C0203,7,Churned
C0203,8,Churned
C0203,9,Churned
C0203,10,Churned
C0203,11,Churned
C0203,12,Churned
C0204,1,Active
C0204,2,Active
C0204,3,Active
C0204,4,Active
C0204,5,Active
C0204,6,Active
C0204,7,Active
C0204,8,Active
C0204,9,Churned
C0204,10,Churned
C0204,11,Churned
C0204,12,Churned
C0205,1,Active
C0205,2,Active
C0205,3,Active
C0205,4,Active
C0205,5,Active
C0205,6,Active
C0205,7,Active
C0205,8,Active
C0205,9,Active
C0205,10,Active
C0205,11,Active
C0205,12,Active
C0206,1,Active
C0206,2,Active
C0206,3,Active
C0206,4,Active
C0206,5,Active
C0206,6,Active
C0206,7,Active
C0206,8,Active
C0206,9,Active
C0206,10,At_Risk
C0206,11,Active
C0206,12,Active
C0207,1,Active
C0207,2,Active
C0207,3,Churned
C0207,4,Churned
C0207,5,Churned
C0207,6,Churned
C0207,7,Churned
C0207,8,Churned
C0207,9,Churned
C0207,10,Churned
C0207,11,Churned
C0207,12,Churned
C0208,1,Active
C0208,2,Active
C0208,3,Active
C0208,4,Active
C0208,5,Active
C0208,6,Active
C0208,7,Active
C0208,8,Active
C0208,9,Active
C0208,10,Active
C0208,11,Active
C0208,12,Active
C0209,1,Active
C0209,2,Active
C0209,3,At_Risk
C0209,4,At_Risk
C0209,5,Churned
C0209,6,Churned
C0209,7,Churned
C0209,8,Churned
C0209,9,Churned
C0209,10,Churned
C0209,11,Churned
C0209,12,Churned
C0210,1,Active
C0210,2,Active
C0210,3,Active
C0210,4,Active
C0210,5,Active
C0210,6,Active
C0210,7,At_Risk
C0210,8,Active
C0210,9,Active
C0210,10,Active
C0210,11,At_Risk
C0210,12,Active
C0211,1,Active
C0211,2,Active
C0211,3,At_Risk
C0211,4,Churned
C0211,5,Churned
C0211,6,Churned
C0211,7,Churned
C0211,8,Churned
C0211,9,Churned
C0211,10,Churned
C0211,11,Churned
C0211,12,Churned
C0212,1,Active
C0212,2,Active
C0212,3,Churned
C0212,4,Churned
C0212,5,Churned
C0212,6,Churned
C0212,7,Churned
C0212,8,Churned
C0212,9,Churned
C0212,10,Churned
C0212,11,Churned
C0212,12,Churned
C0213,1,Active
C0213,2,Active
C0213,3,At_Risk
C0213,4,At_Risk
C0213,5,At_Risk
C0213,6,Active
C0213,7,Active
C0213,8,Active
C0213,9,Active
C0213,10,Active
C0213,11,Active
C0213,12,Active
C0214,1,Active
C0214,2,At_Risk
C0214,3,Churned
C0214,4,Churned
C0214,5,Churned
C0214,6,Churned
C0214,7,Churned
C0214,8,Churned
C0214,9,Churned
C0214,10,Churned
C0214,11,Churned
C0214,12,Churned
C0215,1,Active
C0215,2,Active
C0215,3,Active
C0215,4,Active
C0215,5,Active
C0215,6,Active
C0215,7,Active
C0215,8,Active
C0215,9,Active
C0215,10,Churned
C0215,11,Churned
C0215,12,Churned
C0216,1,Active
C0216,2,Active
C0216,3,Active
C0216,4,Active
C0216,5,Active
C0216,6,Active
C0216,7,Active
C0216,8,At_Risk
C0216,9,At_Risk
C0216,10,Active
C0216,11,Active
C0216,12,Active
C0217,1,Active
C0217,2,Active
C0217,3,Active
C0217,4,Active
C0217,5,Active
C0217,6,Active
C0217,7,Active
C0217,8,Active
C0217,9,Active
C0217,10,Active
C0217,11,Active
C0217,12,Active
C0218,1,Active
C0218,2,Active
C0218,3,Active
C0218,4,At_Risk
C0218,5,Active
C0218,6,Active
C0218,7,Active
C0218,8,At_Risk
C0218,9,At_Risk
C0218,10,Active
C0218,11,Active
C0218,12,Active
C0219,1,Active
C0219,2,At_Risk
C0219,3,Churned
C0219,4,Churned
C0219,5,Churned
C0219,6,Churned
C0219,7,Churned
C0219,8,Churned
C0219,9,Churned
C0219,10,Churned
C0219,11,Churned
C0219,12,Churned
C0220,1,Active
C0220,2,Active
C0220,3,Churned
C0220,4,Churned
C0220,5,Churned
C0220,6,Churned
C0220,7,Churned
C0220,8,Churned
C0220,9,Churned
C0220,10,Churned
C0220,11,Churned
C0220,12,Churned
C0221,1,Active
C0221,2,Active
C0221,3,Active
C0221,4,At_Risk
C0221,5,At_Risk
C0221,6,Churned
C0221,7,Churned
C0221,8,Churned
C0221,9,Churned
C0221,10,Churned
C0221,11,Churned
C0221,12,Churned
C0222,1,Active
C0222,2,Active
C0222,3,Active
C0222,4,Churned
C0222,5,Churned
C0222,6,Churned
C0222,7,Churned
C0222,8,Churned
C0222,9,Churned
C0222,10,Churned
C0222,11,Churned
C0222,12,Churned
C0223,1,Active
C0223,2,Active
C0223,3,Active
C0223,4,Active
C0223,5,Active
C0223,6,At_Risk
C0223,7,At_Risk
C0223,8,Active
C0223,9,Active
C0223,10,Active
C0223,11,Churned
C0223,12,Churned
C0224,1,Active
C0224,2,Churned
C0224,3,Churned
C0224,4,Churned
C0224,5,Churned
C0224,6,Churned
C0224,7,Churned
C0224,8,Churned
C0224,9,Churned
C0224,10,Churned
C0224,11,Churned
C0224,12,Churned
C0225,1,Active
C0225,2,Active
C0225,3,Active
C0225,4,Active
C0225,5,Active
C0225,6,Active
C0225,7,Active
C0225,8,Active
C0225,9,Active
C0225,10,Active
C0225,11,Active
C0225,12,Active
C0226,1,Active
C0226,2,At_Risk
C0226,3,At_Risk
C0226,4,At_Risk
C0226,5,At_Risk
C0226,6,At_Risk
C0226,7,Active
C0226,8,Active
C0226,9,Active
C0226,10,Active
C0226,11,Active
C0226,12,Active
C0227,1,Active
C0227,2,Active
C0227,3,Active
C0227,4,Active
C0227,5,Active
C0227,6,Active
C0227,7,Active
C0227,8,Churned
C0227,9,Churned
C0227,10,Churned
C0227,11,Churned
C0227,12,Churned
C0228,1,Active
C0228,2,Active
C0228,3,Active
C0228,4,Active
C0228,5,Active
C0228,6,Active
C0228,7,Active
C0228,8,Active
C0228,9,At_Risk
C0228,10,At_Risk
C0228,11,Churned
C0228,12,Churned
C0229,1,Active
C0229,2,Active
C0229,3,Active
C0229,4,Active
C0229,5,At_Risk
C0229,6,At_Risk
C0229,7,At_Risk
C0229,8,At_Risk
C0229,9,At_Risk
C0229,10,At_Risk
C0229,11,At_Risk
C0229,12,Churned
C0230,1,Active
C0230,2,Active
C0230,3,Active
C0230,4,Active
C0230,5,Active
C0230,6,Active
C0230,7,Active
C0230,8,At_Risk
C0230,9,Churned
C0230,10,Churned
C0230,11,Churned
C0230,12,Churned
C0231,1,Active
C0231,2,Active
C0231,3,At_Risk
C0231,4,Active
C0231,5,Active
C0231,6,Active
C0231,7,At_Risk
C0231,8,Churned
C0231,9,Churned
C0231,10,Churned
C0231,11,Churned
C0231,12,Churned
C0232,1,Active
C0232,2,Active
C0232,3,Active
C0232,4,Active
C0232,5,Active
C0232,6,At_Risk
C0232,7,At_Risk
C0232,8,At_Risk
C0232,9,At_Risk
C0232,10,Active
C0232,11,Active
C0232,12,At_Risk
C0233,1,Active
C0233,2,Churned
C0233,3,Churned
C0233,4,Churned
C0233,5,Churned
C0233,6,Churned
C0233,7,Churned
C0233,8,Churned
C0233,9,Churned
C0233,10,Churned
C0233,11,Churned
C0233,12,Churned
C0234,1,Active
C0234,2,Active
C0234,3,Active
C0234,4,Active
C0234,5,Active
C0234,6,Active
C0234,7,Active
C0234,8,Active
C0234,9,Active
C0234,10,Active
C0234,11,Active
C0234,12,Active
C0235,1,Active
C0235,2,At_Risk
C0235,3,Active
C0235,4,Active
C0235,5,Active
C0235,6,Active
C0235,7,Active
C0235,8,Active
C0235,9,Active
C0235,10,At_Risk
C0235,11,Churned
C0235,12,Churned
C0236,1,Active
C0236,2,At_Risk
C0236,3,Churned
C0236,4,Churned
C0236,5,Churned
C0236,6,Churned
C0236,7,Churned
C0236,8,Churned
C0236,9,Churned
C0236,10,Churned
C0236,11,Churned
C0236,12,Churned
C0237,1,Active
C0237,2,Active
C0237,3,Active
C0237,4,Active
C0237,5,Active
C0237,6,At_Risk
C0237,7,At_Risk
C0237,8,Active
C0237,9,Active
C0237,10,Active
C0237,11,Active
C0237,12,Active
C0238,1,Active
C0238,2,Active
C0238,3,Active
C0238,4,Active
C0238,5,Active
C0238,6,Active
C0238,7,Active
C0238,8,Active
C0238,9,Active
C0238,10,Active
C0238,11,Active
C0238,12,Active
C0239,1,Active
C0239,2,Active
C0239,3,At_Risk
C0239,4,Churned
C0239,5,Churned
C0239,6,Churned
C0239,7,Churned
C0239,8,Churned
C0239,9,Churned
C0239,10,Churned
C0239,11,Churned
C0239,12,Churned
C0240,1,Active
C0240,2,Active
C0240,3,Churned
C0240,4,Churned
C0240,5,Churned
C0240,6,Churned
C0240,7,Churned
C0240,8,Churned
C0240,9,Churned
C0240,10,Churned
C0240,11,Churned
C0240,12,Churned
C0241,1,Active
C0241,2,At_Risk
C0241,3,Active
C0241,4,Active
C0241,5,Active
C0241,6,Active
C0241,7,Active
C0241,8,At_Risk
C0241,9,Active
C0241,10,Active
C0241,11,Churned
C0241,12,Churned
C0242,1,Active
C0242,2,Active
C0242,3,Active
C0242,4,Active
C0242,5,Active
C0242,6,Active
C0242,7,Active
C0242,8,At_Risk
C0242,9,Churned
C0242,10,Churned
C0242,11,Churned
C0242,12,Churned
C0243,1,Active
C0243,2,Active
C0243,3,Active
C0243,4,Active
C0243,5,Active
C0243,6,Active
C0243,7,Active
C0243,8,Active
C0243,9,Active
C0243,10,Active
C0243,11,Active
C0243,12,Active
C0244,1,Active
C0244,2,Active
C0244,3,Active
C0244,4,At_Risk
C0244,5,At_Risk
C0244,6,At_Risk
C0244,7,At_Risk
C0244,8,Active
C0244,9,Active
C0244,10,Active
C0244,11,Active
C0244,12,At_Risk
C0245,1,Active
C0245,2,Active
C0245,3,Active
C0245,4,Active
C0245,5,Churned
C0245,6,Churned
C0245,7,Churned
C0245,8,Churned
C0245,9,Churned
C0245,10,Churned
C0245,11,Churned
C0245,12,Churned
C0246,1,Active
C0246,2,At_Risk
C0246,3,At_Risk
C0246,4,Churned
C0246,5,Churned
C0246,6,Churned
C0246,7,Churned
C0246,8,Churned
C0246,9,Churned
C0246,10,Churned
C0246,11,Churned
C0246,12,Churned
C0247,1,Active
C0247,2,Active
C0247,3,At_Risk
C0247,4,At_Risk
C0247,5,At_Risk
C0247,6,Active
C0247,7,At_Risk
C0247,8,At_Risk
C0247,9,At_Risk
C0247,10,Churned
C0247,11,Churned
C0247,12,Churned
C0248,1,Active
C0248,2,Active
C0248,3,Active
C0248,4,Active
C0248,5,Active
C0248,6,At_Risk
C0248,7,Churned
C0248,8,Churned
C0248,9,Churned
C0248,10,Churned
C0248,11,Churned
C0248,12,Churned
C0249,1,Active
C0249,2,Active
C0249,3,Active
C0249,4,Active
C0249,5,Active
C0249,6,Active
C0249,7,Active
C0249,8,Active
C0249,9,Active
C0249,10,Active
C0249,11,Active
C0249,12,Active
C0250,1,Active
C0250,2,Active
C0250,3,Active
C0250,4,At_Risk
C0250,5,Active
C0250,6,Churned
C0250,7,Churned
C0250,8,Churned
C0250,9,Churned
C0250,10,Churned
C0250,11,Churned
C0250,12,Churned
C0251,1,Active
C0251,2,Active
C0251,3,At_Risk
C0251,4,Churned
C0251,5,Churned
C0251,6,Churned
C0251,7,Churned
C0251,8,Churned
C0251,9,Churned
C0251,10,Churned
C0251,11,Churned
C0251,12,Churned
C0252,1,Active
C0252,2,At_Risk
C0252,3,At_Risk
C0252,4,At_Risk
C0252,5,Active
C0252,6,Active
C0252,7,Active
C0252,8,Active
C0252,9,At_Risk
C0252,10,At_Risk
C0252,11,At_Risk
C0252,12,Active
C0253,1,Active
C0253,2,Active
C0253,3,At_Risk
C0253,4,Churned
C0253,5,Churned
C0253,6,Churned
C0253,7,Churned
C0253,8,Churned
C0253,9,Churned
C0253,10,Churned
C0253,11,Churned
C0253,12,Churned
C0254,1,Active
C0254,2,Active
C0254,3,At_Risk
C0254,4,At_Risk
C0254,5,At_Risk
C0254,6,Active
C0254,7,Active
C0254,8,Active
C0254,9,Active
C0254,10,Active
C0254,11,Active
C0254,12,Active
C0255,1,Active
C0255,2,Active
C0255,3,Active
C0255,4,Active
C0255,5,Active
C0255,6,At_Risk
C0255,7,Churned
C0255,8,Churned
C0255,9,Churned
C0255,10,Churned
C0255,11,Churned
C0255,12,Churned
C0256,1,Active
C0256,2,Active
C0256,3,Active
C0256,4,At_Risk
C0256,5,Active
C0256,6,Active
C0256,7,At_Risk
C0256,8,At_Risk
C0256,9,Active
C0256,10,Active
C0256,11,Active
C0256,12,At_Risk
C0257,1,Active
C0257,2,At_Risk
C0257,3,Active
C0257,4,Active
C0257,5,At_Risk
C0257,6,At_Risk
C0257,7,At_Risk
C0257,8,At_Risk
C0257,9,Active
C0257,10,Active
C0257,11,Active
C0257,12,Active
C0258,1,Active
C0258,2,Active
C0258,3,Active
C0258,4,Active
C0258,5,Active
C0258,6,Active
C0258,7,Active
C0258,8,At_Risk
C0258,9,At_Risk
C0258,10,At_Risk
C0258,11,Active
C0258,12,Active
C0259,1,Active
C0259,2,Active
C0259,3,At_Risk
C0259,4,Active
C0259,5,Active
C0259,6,Active
C0259,7,Active
C0259,8,Active
C0259,9,Active
C0259,10,Active
C0259,11,At_Risk
C0259,12,At_Risk
C0260,1,Active
C0260,2,Active
C0260,3,Active
C0260,4,Active
C0260,5,Active
C0260,6,Active
C0260,7,Active
C0260,8,Active
C0260,9,Active
C0260,10,Active
C0260,11,Active
C0260,12,Active
C0261,1,Active
C0261,2,Active
C0261,3,Active
C0261,4,At_Risk
C0261,5,At_Risk
C0261,6,Active
C0261,7,At_Risk
C0261,8,At_Risk
C0261,9,Active
C0261,10,Active
C0261,11,Active
C0261,12,Active
C0262,1,Active
C0262,2,At_Risk
C0262,3,At_Risk
C0262,4,At_Risk
C0262,5,Active
C0262,6,Active
C0262,7,Active
C0262,8,Active
C0262,9,Active
C0262,10,Active
C0262,11,Active
C0262,12,Active
C0263,1,Active
C0263,2,Active
C0263,3,Active
C0263,4,Active
C0263,5,Active
C0263,6,Active
C0263,7,Active
C0263,8,Active
C0263,9,Churned
C0263,10,Churned
C0263,11,Churned
C0263,12,Churned
C0264,1,Active
C0264,2,Active
C0264,3,Active
C0264,4,Active
C0264,5,Active
C0264,6,Active
C0264,7,Active
C0264,8,At_Risk
C0264,9,Churned
C0264,10,Churned
C0264,11,Churned
C0264,12,Churned
C0265,1,Active
C0265,2,At_Risk
C0265,3,At_Risk
C0265,4,At_Risk
C0265,5,Churned
C0265,6,Churned
C0265,7,Churned
C0265,8,Churned
C0265,9,Churned
C0265,10,Churned
C0265,11,Churned
C0265,12,Churned
C0266,1,Active
C0266,2,Active
C0266,3,Active
C0266,4,At_Risk
C0266,5,At_Risk
C0266,6,At_Risk
C0266,7,Churned
C0266,8,Churned
C0266,9,Churned
C0266,10,Churned
C0266,11,Churned
C0266,12,Churned
C0267,1,Active
C0267,2,Active
C0267,3,Active
C0267,4,At_Risk
C0267,5,At_Risk
C0267,6,At_Risk
C0267,7,Active
C0267,8,Active
C0267,9,Active
C0267,10,Active
C0267,11,At_Risk
C0267,12,At_Risk
C0268,1,Active
C0268,2,Active
C0268,3,Active
C0268,4,Active
C0268,5,Active
C0268,6,Active
C0268,7,At_Risk
C0268,8,Active
C0268,9,Active
C0268,10,Active
C0268,11,Active
C0268,12,Active
C0269,1,Active
C0269,2,Active
C0269,3,Active
C0269,4,Active
C0269,5,Active
C0269,6,Active
C0269,7,Active
C0269,8,Active
C0269,9,Active
C0269,10,Active
C0269,11,Active
C0269,12,Active
C0270,1,Active
C0270,2,Active
C0270,3,Active
C0270,4,Active
C0270,5,Active
C0270,6,Active
C0270,7,Active
C0270,8,Active
C0270,9,At_Risk
C0270,10,Churned
C0270,11,Churned
C0270,12,Churned
C0271,1,Active
C0271,2,Active
C0271,3,At_Risk
C0271,4,At_Risk
C0271,5,At_Risk
C0271,6,Active
C0271,7,Active
C0271,8,Active
C0271,9,Active
C0271,10,Active
C0271,11,Churned
C0271,12,Churned
C0272,1,Active
C0272,2,Active
C0272,3,Active
C0272,4,Active
C0272,5,Active
C0272,6,Active
C0272,7,Active
C0272,8,At_Risk
C0272,9,At_Risk
C0272,10,Churned
C0272,11,Churned
C0272,12,Churned
C0273,1,Active
C0273,2,Active
C0273,3,Active
C0273,4,Active
C0273,5,Active
C0273,6,Active
C0273,7,Active
C0273,8,Active
C0273,9,Churned
C0273,10,Churned
C0273,11,Churned
C0273,12,Churned
C0274,1,Active
C0274,2,Active
C0274,3,Active
C0274,4,Active
C0274,5,Active
C0274,6,Active
C0274,7,Active
C0274,8,Active
C0274,9,Active
C0274,10,Active
C0274,11,Active
C0274,12,Active
C0275,1,Active
C0275,2,Active
C0275,3,Active
C0275,4,Active
C0275,5,Churned
C0275,6,Churned
C0275,7,Churned
C0275,8,Churned
C0275,9,Churned
C0275,10,Churned
C0275,11,Churned
C0275,12,Churned
C0276,1,Active
C0276,2,Active
C0276,3,Active
C0276,4,Active
C0276,5,Active
C0276,6,Active
C0276,7,Active
C0276,8,Active
C0276,9,Active
C0276,10,Active
C0276,11,Active
C0276,12,Active
C0277,1,Active
C0277,2,Active
C0277,3,Active
C0277,4,Active
C0277,5,Active
C0277,6,Active
C0277,7,Active
C0277,8,Active
C0277,9,Active
C0277,10,At_Risk
C0277,11,Active
C0277,12,At_Risk
C0278,1,Active
C0278,2,Active
C0278,3,Churned
C0278,4,Churned
C0278,5,Churned
C0278,6,Churned
C0278,7,Churned
C0278,8,Churned
C0278,9,Churned
C0278,10,Churned
C0278,11,Churned
C0278,12,Churned
C0279,1,Active
C0279,2,At_Risk
C0279,3,At_Risk
C0279,4,At_Risk
C0279,5,Active
C0279,6,Active
C0279,7,Active
C0279,8,Active
C0279,9,Active
C0279,10,Active
C0279,11,Active
C0279,12,Active
C0280,1,Active
C0280,2,At_Risk
C0280,3,At_Risk
C0280,4,At_Risk
C0280,5,At_Risk
C0280,6,At_Risk
C0280,7,Active
C0280,8,At_Risk
C0280,9,At_Risk
C0280,10,At_Risk
C0280,11,At_Risk
C0280,12,At_Risk
C0281,1,Active
C0281,2,Active
C0281,3,Active
C0281,4,At_Risk
C0281,5,At_Risk
C0281,6,Active
C0281,7,Active
C0281,8,Active
C0281,9,Active
C0281,10,Active
C0281,11,Active
C0281,12,Active
C0282,1,Active
C0282,2,Active
C0282,3,Active
C0282,4,At_Risk
C0282,5,Churned
C0282,6,Churned
C0282,7,Churned
C0282,8,Churned
C0282,9,Churned
C0282,10,Churned
C0282,11,Churned
C0282,12,Churned
C0283,1,Active
C0283,2,Active
C0283,3,Active
C0283,4,Active
C0283,5,Active
C0283,6,Active
C0283,7,Active
C0283,8,Active
C0283,9,Active
C0283,10,Active
C0283,11,Active
C0283,12,Churned
C0284,1,Active
C0284,2,Active
C0284,3,Active
C0284,4,Active
C0284,5,Active
C0284,6,Active
C0284,7,Active
C0284,8,Active
C0284,9,At_Risk
C0284,10,At_Risk
C0284,11,At_Risk
C0284,12,Active
C0285,1,Active
C0285,2,Active
C0285,3,Active
C0285,4,Active
C0285,5,Churned
C0285,6,Churned
C0285,7,Churned
C0285,8,Churned
C0285,9,Churned
C0285,10,Churned
C0285,11,Churned
C0285,12,Churned
C0286,1,Active
C0286,2,Active
C0286,3,Active
C0286,4,Active
C0286,5,Active
C0286,6,Active
C0286,7,Active
C0286,8,Active
C0286,9,Active
C0286,10,At_Risk
C0286,11,Churned
C0286,12,Churned
C0287,1,Active
C0287,2,Active
C0287,3,Churned
C0287,4,Churned
C0287,5,Churned
C0287,6,Churned
C0287,7,Churned
C0287,8,Churned
C0287,9,Churned
C0287,10,Churned
C0287,11,Churned
C0287,12,Churned
C0288,1,Active
C0288,2,Active
C0288,3,Active
C0288,4,Active
C0288,5,At_Risk
C0288,6,At_Risk
C0288,7,Churned
C0288,8,Churned
C0288,9,Churned
C0288,10,Churned
C0288,11,Churned
C0288,12,Churned
C0289,1,Active
C0289,2,Active
C0289,3,At_Risk
C0289,4,Active
C0289,5,At_Risk
C0289,6,Churned
C0289,7,Churned
C0289,8,Churned
C0289,9,Churned
C0289,10,Churned
C0289,11,Churned
C0289,12,Churned
C0290,1,Active
C0290,2,Active
C0290,3,Active
C0290,4,Active
C0290,5,Active
C0290,6,Active
C0290,7,At_Risk
C0290,8,Active
C0290,9,At_Risk
C0290,10,Churned
C0290,11,Churned
C0290,12,Churned
C0291,1,Active
C0291,2,At_Risk
C0291,3,Active
C0291,4,At_Risk
C0291,5,Active
C0291,6,Active
C0291,7,Active
C0291,8,At_Risk
C0291,9,At_Risk
C0291,10,At_Risk
C0291,11,At_Risk
C0291,12,At_Risk
C0292,1,Active
C0292,2,Active
C0292,3,At_Risk
C0292,4,At_Risk
C0292,5,At_Risk
C0292,6,At_Risk
C0292,7,Churned
C0292,8,Churned
C0292,9,Churned
C0292,10,Churned
C0292,11,Churned
C0292,12,Churned
C0293,1,Active
C0293,2,At_Risk
C0293,3,At_Risk
C0293,4,Churned
C0293,5,Churned
C0293,6,Churned
C0293,7,Churned
C0293,8,Churned
C0293,9,Churned
C0293,10,Churned
C0293,11,Churned
C0293,12,Churned
C0294,1,Active
C0294,2,Active
C0294,3,Active
C0294,4,Churned
C0294,5,Churned
C0294,6,Churned
C0294,7,Churned
C0294,8,Churned
C0294,9,Churned
C0294,10,Churned
C0294,11,Churned
C0294,12,Churned
C0295,1,Active
C0295,2,At_Risk
C0295,3,At_Risk
C0295,4,Churned
C0295,5,Churned
C0295,6,Churned
C0295,7,Churned
C0295,8,Churned
C0295,9,Churned
C0295,10,Churned
C0295,11,Churned
C0295,12,Churned
C0296,1,Active
C0296,2,At_Risk
C0296,3,At_Risk
C0296,4,Active
C0296,5,Active
C0296,6,Active
C0296,7,Active
C0296,8,Active
C0296,9,Active
C0296,10,At_Risk
C0296,11,Churned
C0296,12,Churned
C0297,1,Active
C0297,2,Churned
C0297,3,Churned
C0297,4,Churned
C0297,5,Churned
C0297,6,Churned
C0297,7,Churned
C0297,8,Churned
C0297,9,Churned
C0297,10,Churned
C0297,11,Churned
C0297,12,Churned
C0298,1,Active
C0298,2,At_Risk
C0298,3,At_Risk
C0298,4,Active
C0298,5,Active
C0298,6,Active
C0298,7,Active
C0298,8,Active
C0298,9,Active
C0298,10,Active
C0298,11,Active
C0298,12,Active
C0299,1,Active
C0299,2,Active
C0299,3,Active
C0299,4,Active
C0299,5,Active
C0299,6,At_Risk
C0299,7,Active
C0299,8,Active
C0299,9,Active
C0299,10,Active
C0299,11,Active
C0299,12,Active
C0300,1,Active
C0300,2,Active
C0300,3,Active
C0300,4,At_Risk
C0300,5,Active
C0300,6,At_Risk
C0300,7,Churned
C0300,8,Churned
C0300,9,Churned
C0300,10,Churned
C0300,11,Churned
C0300,12,Churned
C0301,1,Active
C0301,2,Active
C0301,3,Active
C0301,4,Active
C0301,5,Active
C0301,6,Active
C0301,7,Active
C0301,8,Active
C0301,9,Active
C0301,10,Active
C0301,11,At_Risk
C0301,12,Active
C0302,1,Active
C0302,2,Active
C0302,3,Churned
C0302,4,Churned
C0302,5,Churned
C0302,6,Churned
C0302,7,Churned
C0302,8,Churned
C0302,9,Churned
C0302,10,Churned
C0302,11,Churned
C0302,12,Churned
C0303,1,Active
C0303,2,Active
C0303,3,Active
C0303,4,Active
C0303,5,Active
C0303,6,Active
C0303,7,Active
C0303,8,Active
C0303,9,Active
C0303,10,Active
C0303,11,Active
C0303,12,At_Risk
C0304,1,Active
C0304,2,Active
C0304,3,Active
C0304,4,At_Risk
C0304,5,At_Risk
C0304,6,At_Risk
C0304,7,Active
C0304,8,Active
C0304,9,Active
C0304,10,Active
C0304,11,Active
C0304,12,Active
C0305,1,Active
C0305,2,At_Risk
C0305,3,Churned
C0305,4,Churned
C0305,5,Churned
C0305,6,Churned
C0305,7,Churned
C0305,8,Churned
C0305,9,Churned
C0305,10,Churned
C0305,11,Churned
C0305,12,Churned
C0306,1,Active
C0306,2,Active
C0306,3,Active
C0306,4,Active
C0306,5,Active
C0306,6,Active
C0306,7,Active
C0306,8,Active
C0306,9,Active
C0306,10,Active
C0306,11,Active
C0306,12,Active
C0307,1,Active
C0307,2,Active
C0307,3,Active
C0307,4,At_Risk
C0307,5,Churned
C0307,6,Churned
C0307,7,Churned
C0307,8,Churned
C0307,9,Churned
C0307,10,Churned
C0307,11,Churned
C0307,12,Churned
C0308,1,Active
C0308,2,Active
C0308,3,Active
C0308,4,Active
C0308,5,At_Risk
C0308,6,Active
C0308,7,At_Risk
C0308,8,Churned
C0308,9,Churned
C0308,10,Churned
C0308,11,Churned
C0308,12,Churned
C0309,1,Active
C0309,2,Active
C0309,3,Active
C0309,4,Active
C0309,5,Active
C0309,6,Active
C0309,7,Active
C0309,8,Active
C0309,9,Active
C0309,10,Active
C0309,11,Active
C0309,12,Active
C0310,1,Active
C0310,2,Active
C0310,3,Active
C0310,4,Active
C0310,5,At_Risk
C0310,6,Churned
C0310,7,Churned
C0310,8,Churned
C0310,9,Churned
C0310,10,Churned
C0310,11,Churned
C0310,12,Churned
C0311,1,Active
C0311,2,Active
C0311,3,Active
C0311,4,Churned
C0311,5,Churned
C0311,6,Churned
C0311,7,Churned
C0311,8,Churned
C0311,9,Churned
C0311,10,Churned
C0311,11,Churned
C0311,12,Churned
C0312,1,Active
C0312,2,Active
C0312,3,Active
C0312,4,Active
C0312,5,Active
C0312,6,Active
C0312,7,At_Risk
C0312,8,At_Risk
C0312,9,Active
C0312,10,Active
C0312,11,Active
C0312,12,Active
C0313,1,Active
C0313,2,Active
C0313,3,Active
C0313,4,Active
C0313,5,At_Risk
C0313,6,At_Risk
C0313,7,Churned
C0313,8,Churned
C0313,9,Churned
C0313,10,Churned
C0313,11,Churned
C0313,12,Churned
C0314,1,Active
C0314,2,Active
C0314,3,Active
C0314,4,Active
C0314,5,Active
C0314,6,At_Risk
C0314,7,Active
C0314,8,Active
C0314,9,Active
C0314,10,Active
C0314,11,Active
C0314,12,Active
C0315,1,Active
C0315,2,Active
C0315,3,At_Risk
C0315,4,Churned
C0315,5,Churned
C0315,6,Churned
C0315,7,Churned
C0315,8,Churned
C0315,9,Churned
C0315,10,Churned
C0315,11,Churned
C0315,12,Churned
C0316,1,Active
C0316,2,Active
C0316,3,Active
C0316,4,Active
C0316,5,Active
C0316,6,At_Risk
C0316,7,At_Risk
C0316,8,At_Risk
C0316,9,Active
C0316,10,Active
C0316,11,Active
C0316,12,Active
C0317,1,Active
C0317,2,Active
C0317,3,Active
C0317,4,Active
C0317,5,Active
C0317,6,Active
C0317,7,Active
C0317,8,At_Risk
C0317,9,Active
C0317,10,Active
C0317,11,Active
C0317,12,At_Risk
C0318,1,Active
C0318,2,Active
C0318,3,Churned
C0318,4,Churned
C0318,5,Churned
C0318,6,Churned
C0318,7,Churned
C0318,8,Churned
C0318,9,Churned
C0318,10,Churned
C0318,11,Churned
C0318,12,Churned
C0319,1,Active
C0319,2,Active
C0319,3,Active
C0319,4,Active
C0319,5,Active
C0319,6,Active
C0319,7,Active
C0319,8,Active
C0319,9,Active
C0319,10,Active
C0319,11,Active
C0319,12,Active
C0320,1,Active
C0320,2,At_Risk
C0320,3,Active
C0320,4,Active
C0320,5,Active
C0320,6,Active
C0320,7,Active
C0320,8,Active
C0320,9,Active
C0320,10,At_Risk
C0320,11,At_Risk
C0320,12,Churned
C0321,1,Active
C0321,2,At_Risk
C0321,3,Active
C0321,4,Active
C0321,5,Active
C0321,6,Active
C0321,7,Active
C0321,8,Active
C0321,9,At_Risk
C0321,10,Active
C0321,11,At_Risk
C0321,12,At_Risk
C0322,1,Active
C0322,2,Active
C0322,3,Active
C0322,4,At_Risk
C0322,5,Churned
C0322,6,Churned
C0322,7,Churned
C0322,8,Churned
C0322,9,Churned
C0322,10,Churned
C0322,11,Churned
C0322,12,Churned
C0323,1,Active
C0323,2,Active
C0323,3,At_Risk
C0323,4,At_Risk
C0323,5,At_Risk
C0323,6,At_Risk
C0323,7,Churned
C0323,8,Churned
C0323,9,Churned
C0323,10,Churned
C0323,11,Churned
C0323,12,Churned
C0324,1,Active
C0324,2,Active
C0324,3,Active
C0324,4,Active
C0324,5,At_Risk
C0324,6,At_Risk
C0324,7,Active
C0324,8,Active
C0324,9,Active
C0324,10,Active
C0324,11,Active
C0324,12,Active
C0325,1,Active
C0325,2,At_Risk
C0325,3,At_Risk
C0325,4,Active
C0325,5,Active
C0325,6,Active
C0325,7,Active
C0325,8,Active
C0325,9,Active
C0325,10,Active
C0325,11,Churned
C0325,12,Churned
C0326,1,Active
C0326,2,Active
C0326,3,Active
C0326,4,Active
C0326,5,Active
C0326,6,Active
C0326,7,Active
C0326,8,Active
C0326,9,At_Risk
C0326,10,Churned
C0326,11,Churned
C0326,12,Churned
C0327,1,Active
C0327,2,At_Risk
C0327,3,At_Risk
C0327,4,At_Risk
C0327,5,At_Risk
C0327,6,At_Risk
C0327,7,Churned
C0327,8,Churned
C0327,9,Churned
C0327,10,Churned
C0327,11,Churned
C0327,12,Churned
C0328,1,Active
C0328,2,Active
C0328,3,Active
C0328,4,Active
C0328,5,At_Risk
C0328,6,Active
C0328,7,Active
C0328,8,Active
C0328,9,Active
C0328,10,Active
C0328,11,Active
C0328,12,Active
C0329,1,Active
C0329,2,Active
C0329,3,Active
C0329,4,Active
C0329,5,Active
C0329,6,At_Risk
C0329,7,At_Risk
C0329,8,At_Risk
C0329,9,Active
C0329,10,Active
C0329,11,Active
C0329,12,Active
C0330,1,Active
C0330,2,Active
C0330,3,Active
C0330,4,At_Risk
C0330,5,Churned
C0330,6,Churned
C0330,7,Churned
C0330,8,Churned
C0330,9,Churned
C0330,10,Churned
C0330,11,Churned
C0330,12,Churned
C0331,1,Active
C0331,2,Active
C0331,3,Active
C0331,4,Active
C0331,5,Active
C0331,6,Active
C0331,7,Active
C0331,8,Active
C0331,9,Active
C0331,10,Active
C0331,11,Active
C0331,12,Active
C0332,1,Active
C0332,2,Active
C0332,3,Active
C0332,4,Active
C0332,5,Active
C0332,6,Active
C0332,7,Churned
C0332,8,Churned
C0332,9,Churned
C0332,10,Churned
C0332,11,Churned
C0332,12,Churned
C0333,1,Active
C0333,2,Active
C0333,3,Active
C0333,4,Active
C0333,5,Active
C0333,6,Active
C0333,7,Active
C0333,8,Active
C0333,9,Active
C0333,10,Active
C0333,11,Active
C0333,12,Active
C0334,1,Active
C0334,2,At_Risk
C0334,3,At_Risk
C0334,4,At_Risk
C0334,5,Active
C0334,6,Active
C0334,7,Active
C0334,8,Active
C0334,9,Active
C0334,10,Active
C0334,11,Churned
C0334,12,Churned
C0335,1,Active
C0335,2,Active
C0335,3,Active
C0335,4,Active
C0335,5,Active
C0335,6,At_Risk
C0335,7,At_Risk
C0335,8,At_Risk
C0335,9,At_Risk
C0335,10,Churned
C0335,11,Churned
C0335,12,Churned
C0336,1,Active
C0336,2,Active
C0336,3,Active
C0336,4,Active
C0336,5,Active
C0336,6,Active
C0336,7,Active
C0336,8,Churned
C0336,9,Churned
C0336,10,Churned
C0336,11,Churned
C0336,12,Churned
C0337,1,Active
C0337,2,Active
C0337,3,Active
C0337,4,Active
C0337,5,Active
C0337,6,Active
C0337,7,Active
C0337,8,Active
C0337,9,Active
C0337,10,Active
C0337,11,At_Risk
C0337,12,Active
C0338,1,Active
C0338,2,Active
C0338,3,Active
C0338,4,Active
C0338,5,Active
C0338,6,Active
C0338,7,Active
C0338,8,At_Risk
C0338,9,At_Risk
C0338,10,Active
C0338,11,At_Risk
C0338,12,At_Risk
C0339,1,Active
C0339,2,Active
C0339,3,At_Risk
C0339,4,At_Risk
C0339,5,At_Risk
C0339,6,Active
C0339,7,Active
C0339,8,Active
C0339,9,Active
C0339,10,Active
C0339,11,Active
C0339,12,Active
C0340,1,Active
C0340,2,At_Risk
C0340,3,At_Risk
C0340,4,At_Risk
C0340,5,Active
C0340,6,At_Risk
C0340,7,At_Risk
C0340,8,Active
C0340,9,Active
C0340,10,Active
C0340,11,Active
C0340,12,Active
C0341,1,Active
C0341,2,Active
C0341,3,At_Risk
C0341,4,Active
C0341,5,Active
C0341,6,Active
C0341,7,At_Risk
C0341,8,Churned
C0341,9,Churned
C0341,10,Churned
C0341,11,Churned
C0341,12,Churned
C0342,1,Active
C0342,2,Churned
C0342,3,Churned
C0342,4,Churned
C0342,5,Churned
C0342,6,Churned
C0342,7,Churned
C0342,8,Churned
C0342,9,Churned
C0342,10,Churned
C0342,11,Churned
C0342,12,Churned
C0343,1,Active
C0343,2,At_Risk
C0343,3,At_Risk
C0343,4,Active
C0343,5,Active
C0343,6,Active
C0343,7,At_Risk
C0343,8,At_Risk
C0343,9,Active
C0343,10,Active
C0343,11,Active
C0343,12,Active
C0344,1,Active
C0344,2,Active
C0344,3,Active
C0344,4,Active
C0344,5,Active
C0344,6,At_Risk
C0344,7,At_Risk
C0344,8,Churned
C0344,9,Churned
C0344,10,Churned
C0344,11,Churned
C0344,12,Churned
C0345,1,Active
C0345,2,Active
C0345,3,Active
C0345,4,Active
C0345,5,Active
C0345,6,Active
C0345,7,Active
C0345,8,Active
C0345,9,Active
C0345,10,Active
C0345,11,Active
C0345,12,At_Risk
C0346,1,Active
C0346,2,Active
C0346,3,Active
C0346,4,Active
C0346,5,At_Risk
C0346,6,Churned
C0346,7,Churned
C0346,8,Churned
C0346,9,Churned
C0346,10,Churned
C0346,11,Churned
C0346,12,Churned
C0347,1,Active
C0347,2,At_Risk
C0347,3,Active
C0347,4,Active
C0347,5,Active
C0347,6,At_Risk
C0347,7,Churned
C0347,8,Churned
C0347,9,Churned
C0347,10,Churned
C0347,11,Churned
C0347,12,Churned
C0348,1,Active
C0348,2,Active
C0348,3,Active
C0348,4,Active
C0348,5,Active
C0348,6,Active
C0348,7,Active
C0348,8,Active
C0348,9,At_Risk
C0348,10,Active
C0348,11,Active
C0348,12,Active
C0349,1,Active
C0349,2,Active
C0349,3,Active
C0349,4,Active
C0349,5,At_Risk
C0349,6,Churned
C0349,7,Churned
C0349,8,Churned
C0349,9,Churned
C0349,10,Churned
C0349,11,Churned
C0349,12,Churned
C0350,1,Active
C0350,2,Active
C0350,3,Active
C0350,4,Active
C0350,5,Active
C0350,6,Active
C0350,7,Active
C0350,8,Active
C0350,9,Active
C0350,10,Active
C0350,11,Active
C0350,12,Active
C0351,1,Active
C0351,2,Active
C0351,3,Active
C0351,4,Active
C0351,5,Active
C0351,6,Active
C0351,7,Active
C0351,8,At_Risk
C0351,9,At_Risk
C0351,10,Active
C0351,11,Active
C0351,12,At_Risk
C0352,1,Active
C0352,2,Active
C0352,3,Active
C0352,4,Active
C0352,5,Churned
C0352,6,Churned
C0352,7,Churned
C0352,8,Churned
C0352,9,Churned
C0352,10,Churned
C0352,11,Churned
C0352,12,Churned
C0353,1,Active
C0353,2,Active
C0353,3,Active
C0353,4,At_Risk
C0353,5,Churned
C0353,6,Churned
C0353,7,Churned
C0353,8,Churned
C0353,9,Churned
C0353,10,Churned
C0353,11,Churned
C0353,12,Churned
C0354,1,Active
C0354,2,Active
C0354,3,Active
C0354,4,Active
C0354,5,Active
C0354,6,Active
C0354,7,Active
C0354,8,Active
C0354,9,At_Risk
C0354,10,At_Risk
C0354,11,At_Risk
C0354,12,At_Risk
C0355,1,Active
C0355,2,Active
C0355,3,Active
C0355,4,At_Risk
C0355,5,Active
C0355,6,Active
C0355,7,Active
C0355,8,Active
C0355,9,Active
C0355,10,Active
C0355,11,Active
C0355,12,Active
C0356,1,Active
C0356,2,Active
C0356,3,Active
C0356,4,Active
C0356,5,Active
C0356,6,Active
C0356,7,Active
C0356,8,At_Risk
C0356,9,Active
C0356,10,Active
C0356,11,Active
C0356,12,Active
C0357,1,Active
C0357,2,Active
C0357,3,At_Risk
C0357,4,Churned
C0357,5,Churned
C0357,6,Churned
C0357,7,Churned
C0357,8,Churned
C0357,9,Churned
C0357,10,Churned
C0357,11,Churned
C0357,12,Churned
C0358,1,Active
C0358,2,Active
C0358,3,Active
C0358,4,Active
C0358,5,At_Risk
C0358,6,At_Risk
C0358,7,Churned
C0358,8,Churned
C0358,9,Churned
C0358,10,Churned
C0358,11,Churned
C0358,12,Churned
C0359,1,Active
C0359,2,Active
C0359,3,Active
C0359,4,Active
C0359,5,Active
C0359,6,Active
C0359,7,Active
C0359,8,At_Risk
C0359,9,At_Risk
C0359,10,At_Risk
C0359,11,Active
C0359,12,At_Risk
C0360,1,Active
C0360,2,Active
C0360,3,At_Risk
C0360,4,At_Risk
C0360,5,At_Risk
C0360,6,At_Risk
C0360,7,At_Risk
C0360,8,Churned
C0360,9,Churned
C0360,10,Churned
C0360,11,Churned
C0360,12,Churned
C0361,1,Active
C0361,2,At_Risk
C0361,3,Churned
C0361,4,Churned
C0361,5,Churned
C0361,6,Churned
C0361,7,Churned
C0361,8,Churned
C0361,9,Churned
C0361,10,Churned
C0361,11,Churned
C0361,12,Churned
C0362,1,Active
C0362,2,Active
C0362,3,Active
C0362,4,At_Risk
C0362,5,Active
C0362,6,At_Risk
C0362,7,At_Risk
C0362,8,Active
C0362,9,Active
C0362,10,Active
C0362,11,Active
C0362,12,Active
C0363,1,Active
C0363,2,Active
C0363,3,At_Risk
C0363,4,Active
C0363,5,Active
C0363,6,Active
C0363,7,Active
C0363,8,Active
C0363,9,Active
C0363,10,Active
C0363,11,Active
C0363,12,Active
C0364,1,Active
C0364,2,Active
C0364,3,At_Risk
C0364,4,At_Risk
C0364,5,Active
C0364,6,Active
C0364,7,Active
C0364,8,Active
C0364,9,Active
C0364,10,Churned
C0364,11,Churned
C0364,12,Churned
C0365,1,Active
C0365,2,Active
C0365,3,Active
C0365,4,Active
C0365,5,Active
C0365,6,Active
C0365,7,At_Risk
C0365,8,Active
C0365,9,Active
C0365,10,Active
C0365,11,At_Risk
C0365,12,Churned
C0366,1,Active
C0366,2,Active
C0366,3,Active
C0366,4,At_Risk
C0366,5,Active
C0366,6,Active
C0366,7,Active
C0366,8,At_Risk
C0366,9,At_Risk
C0366,10,Active
C0366,11,Active
C0366,12,At_Risk
C0367,1,Active
C0367,2,Active
C0367,3,Active
C0367,4,Active
C0367,5,Active
C0367,6,Active
C0367,7,Active
C0367,8,Active
C0367,9,Active
C0367,10,Active
C0367,11,Active
C0367,12,At_Risk
C0368,1,Active
C0368,2,Active
C0368,3,Active
C0368,4,Active
C0368,5,Active
C0368,6,Active
C0368,7,Active
C0368,8,Active
C0368,9,Churned
C0368,10,Churned
C0368,11,Churned
C0368,12,Churned
C0369,1,Active
C0369,2,Active
C0369,3,Active
C0369,4,At_Risk
C0369,5,At_Risk
C0369,6,Active
C0369,7,Active
C0369,8,At_Risk
C0369,9,At_Risk
C0369,10,Active
C0369,11,Active
C0369,12,Active
C0370,1,Active
C0370,2,At_Risk
C0370,3,At_Risk
C0370,4,Churned
C0370,5,Churned
C0370,6,Churned
C0370,7,Churned
C0370,8,Churned
C0370,9,Churned
C0370,10,Churned
C0370,11,Churned
C0370,12,Churned
C0371,1,Active
C0371,2,Active
C0371,3,Active
C0371,4,Active
C0371,5,Churned
C0371,6,Churned
C0371,7,Churned
C0371,8,Churned
C0371,9,Churned
C0371,10,Churned
C0371,11,Churned
C0371,12,Churned
C0372,1,Active
C0372,2,Active
C0372,3,Active
C0372,4,Active
C0372,5,Active
C0372,6,Active
C0372,7,Active
C0372,8,At_Risk
C0372,9,Churned
C0372,10,Churned
C0372,11,Churned
C0372,12,Churned
C0373,1,Active
C0373,2,Active
C0373,3,Active
C0373,4,At_Risk
C0373,5,At_Risk
C0373,6,Churned
C0373,7,Churned
C0373,8,Churned
C0373,9,Churned
C0373,10,Churned
C0373,11,Churned
C0373,12,Churned
C0374,1,Active
C0374,2,Active
C0374,3,At_Risk
C0374,4,Active
C0374,5,Active
C0374,6,Active
C0374,7,Active
C0374,8,Active
C0374,9,Active
C0374,10,Active
C0374,11,Churned
C0374,12,Churned
C0375,1,Active
C0375,2,Active
C0375,3,Active
C0375,4,Active
C0375,5,Active
C0375,6,Active
C0375,7,Active
C0375,8,Active
C0375,9,Active
C0375,10,Active
C0375,11,Active
C0375,12,Active
C0376,1,Active
C0376,2,Active
C0376,3,Active
C0376,4,Active
C0376,5,Active
C0376,6,Active
C0376,7,Active
C0376,8,Churned
C0376,9,Churned
C0376,10,Churned
C0376,11,Churned
C0376,12,Churned
C0377,1,Active
C0377,2,At_Risk
C0377,3,At_Risk
C0377,4,At_Risk
C0377,5,Active
C0377,6,Active
C0377,7,Active
C0377,8,At_Risk
C0377,9,At_Risk
C0377,10,At_Risk
C0377,11,At_Risk
C0377,12,Active
C0378,1,Active
C0378,2,Active
C0378,3,At_Risk
C0378,4,At_Risk
C0378,5,Active
C0378,6,Active
C0378,7,At_Risk
C0378,8,Active
C0378,9,Active
C0378,10,At_Risk
C0378,11,At_Risk
C0378,12,Churned
C0379,1,Active
C0379,2,Active
C0379,3,Churned
C0379,4,Churned
C0379,5,Churned
C0379,6,Churned
C0379,7,Churned
C0379,8,Churned
C0379,9,Churned
C0379,10,Churned
C0379,11,Churned
C0379,12,Churned
C0380,1,Active
C0380,2,Active
C0380,3,At_Risk
C0380,4,Active
C0380,5,Active
C0380,6,Active
C0380,7,Active
C0380,8,Active
C0380,9,Active
C0380,10,Active
C0380,11,Active
C0380,12,Active
C0381,1,Active
C0381,2,Active
C0381,3,At_Risk
C0381,4,Active
C0381,5,Active
C0381,6,Active
C0381,7,Active
C0381,8,Active
C0381,9,Active
C0381,10,Active
C0381,11,Active
C0381,12,Active
C0382,1,Active
C0382,2,At_Risk
C0382,3,At_Risk
C0382,4,Active
C0382,5,Active
C0382,6,Active
C0382,7,At_Risk
C0382,8,Churned
C0382,9,Churned
C0382,10,Churned
C0382,11,Churned
C0382,12,Churned
C0383,1,Active
C0383,2,Active
C0383,3,Active
C0383,4,Active
C0383,5,Active
C0383,6,Active
C0383,7,Active
C0383,8,Active
C0383,9,Churned
C0383,10,Churned
C0383,11,Churned
C0383,12,Churned
C0384,1,Active
C0384,2,Active
C0384,3,Active
C0384,4,Active
C0384,5,Active
C0384,6,Active
C0384,7,Active
C0384,8,Active
C0384,9,Active
C0384,10,Active
C0384,11,At_Risk
C0384,12,At_Risk
C0385,1,Active
C0385,2,Active
C0385,3,Active
C0385,4,Active
C0385,5,Active
C0385,6,Active
C0385,7,Active
C0385,8,Active
C0385,9,Active
C0385,10,Active
C0385,11,Active
C0385,12,Active
C0386,1,Active
C0386,2,Churned
C0386,3,Churned
C0386,4,Churned
C0386,5,Churned
C0386,6,Churned
C0386,7,Churned
C0386,8,Churned
C0386,9,Churned
C0386,10,Churned
C0386,11,Churned
C0386,12,Churned
C0387,1,Active
C0387,2,Active
C0387,3,Active
C0387,4,Active
C0387,5,Active
C0387,6,Active
C0387,7,Active
C0387,8,Active
C0387,9,Active
C0387,10,At_Risk
C0387,11,Churned
C0387,12,Churned
C0388,1,Active
C0388,2,Churned
C0388,3,Churned
C0388,4,Churned
C0388,5,Churned
C0388,6,Churned
C0388,7,Churned
C0388,8,Churned
C0388,9,Churned
C0388,10,Churned
C0388,11,Churned
C0388,12,Churned
C0389,1,Active
C0389,2,Active
C0389,3,Active
C0389,4,At_Risk
C0389,5,Churned
C0389,6,Churned
C0389,7,Churned
C0389,8,Churned
C0389,9,Churned
C0389,10,Churned
C0389,11,Churned
C0389,12,Churned
C0390,1,Active
C0390,2,At_Risk
C0390,3,Active
C0390,4,Active
C0390,5,Churned
C0390,6,Churned
C0390,7,Churned
C0390,8,Churned
C0390,9,Churned
C0390,10,Churned
C0390,11,Churned
C0390,12,Churned
C0391,1,Active
C0391,2,Active
C0391,3,Active
C0391,4,At_Risk
C0391,5,Churned
C0391,6,Churned
C0391,7,Churned
C0391,8,Churned
C0391,9,Churned
C0391,10,Churned
C0391,11,Churned
C0391,12,Churned
C0392,1,Active
C0392,2,Active
C0392,3,Active
C0392,4,Active
C0392,5,Active
C0392,6,Active
C0392,7,Active
C0392,8,At_Risk
C0392,9,Churned
C0392,10,Churned
C0392,11,Churned
C0392,12,Churned
C0393,1,Active
C0393,2,Active
C0393,3,At_Risk
C0393,4,At_Risk
C0393,5,Active
C0393,6,Active
C0393,7,Active
C0393,8,At_Risk
C0393,9,At_Risk
C0393,10,At_Risk
C0393,11,At_Risk
C0393,12,At_Risk
C0394,1,Active
C0394,2,Active
C0394,3,Active
C0394,4,Churned
C0394,5,Churned
C0394,6,Churned
C0394,7,Churned
C0394,8,Churned
C0394,9,Churned
C0394,10,Churned
C0394,11,Churned
C0394,12,Churned
C0395,1,Active
C0395,2,Active
C0395,3,At_Risk
C0395,4,Churned
C0395,5,Churned
C0395,6,Churned
C0395,7,Churned
C0395,8,Churned
C0395,9,Churned
C0395,10,Churned
C0395,11,Churned
C0395,12,Churned
C0396,1,Active
C0396,2,Active
C0396,3,Active
C0396,4,Active
C0396,5,Active
C0396,6,Churned
C0396,7,Churned
C0396,8,Churned
C0396,9,Churned
C0396,10,Churned
C0396,11,Churned
C0396,12,Churned
C0397,1,Active
C0397,2,At_Risk
C0397,3,Active
C0397,4,Active
C0397,5,Active
C0397,6,Active
C0397,7,Active
C0397,8,Active
C0397,9,Active
C0397,10,Active
C0397,11,Active
C0397,12,Active
C0398,1,Active
C0398,2,Active
C0398,3,Active
C0398,4,Active
C0398,5,Active
C0398,6,Active
C0398,7,Active
C0398,8,Active
C0398,9,Active
C0398,10,Active
C0398,11,Active
C0398,12,Active
C0399,1,Active
C0399,2,Active
C0399,3,At_Risk
C0399,4,At_Risk
C0399,5,At_Risk
C0399,6,At_Risk
C0399,7,At_Risk
C0399,8,At_Risk
C0399,9,Active
C0399,10,Active
C0399,11,Active
C0399,12,Active
C0400,1,Active
C0400,2,Active
C0400,3,Active
C0400,4,Active
C0400,5,Active
C0400,6,Active
C0400,7,At_Risk
C0400,8,At_Risk
C0400,9,At_Risk
C0400,10,At_Risk
C0400,11,Active
C0400,12,Active
C0401,1,Active
C0401,2,Active
C0401,3,At_Risk
C0401,4,Churned
C0401,5,Churned
C0401,6,Churned
C0401,7,Churned
C0401,8,Churned
C0401,9,Churned
C0401,10,Churned
C0401,11,Churned
C0401,12,Churned
C0402,1,Active
C0402,2,At_Risk
C0402,3,Active
C0402,4,Active
C0402,5,Active
C0402,6,Active
C0402,7,Active
C0402,8,Churned
C0402,9,Churned
C0402,10,Churned
C0402,11,Churned
C0402,12,Churned
C0403,1,Active
C0403,2,Active
C0403,3,Active
C0403,4,Active
C0403,5,At_Risk
C0403,6,Active
C0403,7,Active
C0403,8,Active
C0403,9,Active
C0403,10,Active
C0403,11,Active
C0403,12,Active
C0404,1,Active
C0404,2,Active
C0404,3,At_Risk
C0404,4,At_Risk
C0404,5,Active
C0404,6,Active
C0404,7,Active
C0404,8,Active
C0404,9,Active
C0404,10,Active
C0404,11,Active
C0404,12,Active
C0405,1,Active
C0405,2,Churned
C0405,3,Churned
C0405,4,Churned
C0405,5,Churned
C0405,6,Churned
C0405,7,Churned
C0405,8,Churned
C0405,9,Churned
C0405,10,Churned
C0405,11,Churned
C0405,12,Churned
C0406,1,Active
C0406,2,At_Risk
C0406,3,Active
C0406,4,Active
C0406,5,Active
C0406,6,Active
C0406,7,Active
C0406,8,Churned
C0406,9,Churned
C0406,10,Churned
C0406,11,Churned
C0406,12,Churned
C0407,1,Active
C0407,2,Active
C0407,3,Churned
C0407,4,Churned
C0407,5,Churned
C0407,6,Churned
C0407,7,Churned
C0407,8,Churned
C0407,9,Churned
C0407,10,Churned
C0407,11,Churned
C0407,12,Churned
C0408,1,Active
C0408,2,At_Risk
C0408,3,Active
C0408,4,Active
C0408,5,Active
C0408,6,At_Risk
C0408,7,Active
C0408,8,Active
C0408,9,Active
C0408,10,Churned
C0408,11,Churned
C0408,12,Churned
C0409,1,Active
C0409,2,Active
C0409,3,Active
C0409,4,Active
C0409,5,Active
C0409,6,Active
C0409,7,Active
C0409,8,Active
C0409,9,At_Risk
C0409,10,Active
C0409,11,At_Risk
C0409,12,At_Risk
C0410,1,Active
C0410,2,Churned
C0410,3,Churned
C0410,4,Churned
C0410,5,Churned
C0410,6,Churned
C0410,7,Churned
C0410,8,Churned
C0410,9,Churned
C0410,10,Churned
C0410,11,Churned
C0410,12,Churned
C0411,1,Active
C0411,2,Active
C0411,3,Active
C0411,4,Active
C0411,5,Active
C0411,6,Active
C0411,7,Active
C0411,8,Active
C0411,9,At_Risk
C0411,10,At_Risk
C0411,11,At_Risk
C0411,12,At_Risk
C0412,1,Active
C0412,2,Active
C0412,3,Active
C0412,4,At_Risk
C0412,5,Active
C0412,6,Active
C0412,7,Active
C0412,8,Active
C0412,9,Churned
C0412,10,Churned
C0412,11,Churned
C0412,12,Churned
C0413,1,Active
C0413,2,Active
C0413,3,Active
C0413,4,Active
C0413,5,At_Risk
C0413,6,Churned
C0413,7,Churned
C0413,8,Churned
C0413,9,Churned
C0413,10,Churned
C0413,11,Churned
C0413,12,Churned
C0414,1,Active
C0414,2,At_Risk
C0414,3,At_Risk
C0414,4,Active
C0414,5,Active
C0414,6,At_Risk
C0414,7,Churned
C0414,8,Churned
C0414,9,Churned
C0414,10,Churned
C0414,11,Churned
C0414,12,Churned
C0415,1,Active
C0415,2,Active
C0415,3,At_Risk
C0415,4,Active
C0415,5,Active
C0415,6,Active
C0415,7,Active
C0415,8,Active
C0415,9,At_Risk
C0415,10,Churned
C0415,11,Churned
C0415,12,Churned
C0416,1,Active
C0416,2,Active
C0416,3,Active
C0416,4,Active
C0416,5,Active
C0416,6,Active
C0416,7,Active
C0416,8,At_Risk
C0416,9,At_Risk
C0416,10,Active
C0416,11,Active
C0416,12,Churned
C0417,1,Active
C0417,2,Active
C0417,3,Active
C0417,4,Active
C0417,5,Active
C0417,6,Active
C0417,7,Active
C0417,8,Active
C0417,9,At_Risk
C0417,10,At_Risk
C0417,11,Churned
C0417,12,Churned
C0418,1,Active
C0418,2,Active
C0418,3,Active
C0418,4,Active
C0418,5,Active
C0418,6,Active
C0418,7,Active
C0418,8,Active
C0418,9,Active
C0418,10,Active
C0418,11,Active
C0418,12,Active
C0419,1,Active
C0419,2,Active
C0419,3,Churned
C0419,4,Churned
C0419,5,Churned
C0419,6,Churned
C0419,7,Churned
C0419,8,Churned
C0419,9,Churned
C0419,10,Churned
C0419,11,Churned
C0419,12,Churned
C0420,1,Active
C0420,2,At_Risk
C0420,3,Active
C0420,4,At_Risk
C0420,5,At_Risk
C0420,6,Active
C0420,7,Active
C0420,8,At_Risk
C0420,9,Churned
C0420,10,Churned
C0420,11,Churned
C0420,12,Churned
C0421,1,Active
C0421,2,Active
C0421,3,Active
C0421,4,Active
C0421,5,Active
C0421,6,Active
C0421,7,Active
C0421,8,Active
C0421,9,Active
C0421,10,Active
C0421,11,Active
C0421,12,Active
C0422,1,Active
C0422,2,Active
C0422,3,Active
C0422,4,Active
C0422,5,Active
C0422,6,Active
C0422,7,Active
C0422,8,Active
C0422,9,Active
C0422,10,Active
C0422,11,Active
C0422,12,Active
C0423,1,Active
C0423,2,Active
C0423,3,At_Risk
C0423,4,Active
C0423,5,Active
C0423,6,Active
C0423,7,Active
C0423,8,Active
C0423,9,Active
C0423,10,Active
C0423,11,Active
C0423,12,Active
C0424,1,Active
C0424,2,Active
C0424,3,Active
C0424,4,Churned
C0424,5,Churned
C0424,6,Churned
C0424,7,Churned
C0424,8,Churned
C0424,9,Churned
C0424,10,Churned
C0424,11,Churned
C0424,12,Churned
C0425,1,Active
C0425,2,Active
C0425,3,Active
C0425,4,Churned
C0425,5,Churned
C0425,6,Churned
C0425,7,Churned
C0425,8,Churned
C0425,9,Churned
C0425,10,Churned
C0425,11,Churned
C0425,12,Churned
C0426,1,Active
C0426,2,At_Risk
C0426,3,At_Risk
C0426,4,At_Risk
C0426,5,Churned
C0426,6,Churned
C0426,7,Churned
C0426,8,Churned
C0426,9,Churned
C0426,10,Churned
C0426,11,Churned
C0426,12,Churned
C0427,1,Active
C0427,2,Active
C0427,3,Active
C0427,4,Active
C0427,5,Active
C0427,6,Active
C0427,7,Active
C0427,8,At_Risk
C0427,9,At_Risk
C0427,10,Churned
C0427,11,Churned
C0427,12,Churned
C0428,1,Active
C0428,2,At_Risk
C0428,3,Active
C0428,4,Active
C0428,5,Active
C0428,6,Active
C0428,7,Active
C0428,8,At_Risk
C0428,9,Churned
C0428,10,Churned
C0428,11,Churned
C0428,12,Churned
C0429,1,Active
C0429,2,Active
C0429,3,Active
C0429,4,At_Risk
C0429,5,At_Risk
C0429,6,Active
C0429,7,Active
C0429,8,Active
C0429,9,Active
C0429,10,At_Risk
C0429,11,At_Risk
C0429,12,Churned
C0430,1,Active
C0430,2,At_Risk
C0430,3,At_Risk
C0430,4,At_Risk
C0430,5,Churned
C0430,6,Churned
C0430,7,Churned
C0430,8,Churned
C0430,9,Churned
C0430,10,Churned
C0430,11,Churned
C0430,12,Churned
C0431,1,Active
C0431,2,At_Risk
C0431,3,At_Risk
C0431,4,Active
C0431,5,Active
C0431,6,At_Risk
C0431,7,At_Risk
C0431,8,At_Risk
C0431,9,Active
C0431,10,Active
C0431,11,Active
C0431,12,Active
C0432,1,Active
C0432,2,Active
C0432,3,At_Risk
C0432,4,At_Risk
C0432,5,At_Risk
C0432,6,Churned
C0432,7,Churned
C0432,8,Churned
C0432,9,Churned
C0432,10,Churned
C0432,11,Churned
C0432,12,Churned
C0433,1,Active
C0433,2,Active
C0433,3,Active
C0433,4,Active
C0433,5,Active
C0433,6,Active
C0433,7,Active
C0433,8,At_Risk
C0433,9,Active
C0433,10,Active
C0433,11,Active
C0433,12,Active
C0434,1,Active
C0434,2,At_Risk
C0434,3,At_Risk
C0434,4,Churned
C0434,5,Churned
C0434,6,Churned
C0434,7,Churned
C0434,8,Churned
C0434,9,Churned
C0434,10,Churned
C0434,11,Churned
C0434,12,Churned
C0435,1,Active
C0435,2,Active
C0435,3,Churned
C0435,4,Churned
C0435,5,Churned
C0435,6,Churned
C0435,7,Churned
C0435,8,Churned
C0435,9,Churned
C0435,10,Churned
C0435,11,Churned
C0435,12,Churned
C0436,1,Active
C0436,2,Active
C0436,3,Active
C0436,4,Active
C0436,5,Active
C0436,6,Active
C0436,7,Active
C0436,8,Active
C0436,9,Active
C0436,10,At_Risk
C0436,11,At_Risk
C0436,12,At_Risk
C0437,1,Active
C0437,2,Active
C0437,3,Active
C0437,4,Active
C0437,5,Active
C0437,6,Active
C0437,7,Active
C0437,8,Active
C0437,9,Active
C0437,10,At_Risk
C0437,11,At_Risk
C0437,12,Active
C0438,1,Active
C0438,2,Active
C0438,3,At_Risk
C0438,4,Active
C0438,5,At_Risk
C0438,6,Active
C0438,7,Active
C0438,8,At_Risk
C0438,9,At_Risk
C0438,10,At_Risk
C0438,11,At_Risk
C0438,12,Active
C0439,1,Active
C0439,2,Active
C0439,3,Active
C0439,4,Active
C0439,5,Active
C0439,6,Active
C0439,7,At_Risk
C0439,8,At_Risk
C0439,9,Active
C0439,10,Active
C0439,11,Active
C0439,12,Active
C0440,1,Active
C0440,2,Active
C0440,3,Active
C0440,4,Active
C0440,5,At_Risk
C0440,6,At_Risk
C0440,7,At_Risk
C0440,8,At_Risk
C0440,9,At_Risk
C0440,10,At_Risk
C0440,11,Active
C0440,12,Active
C0441,1,Active
C0441,2,At_Risk
C0441,3,At_Risk
C0441,4,At_Risk
C0441,5,At_Risk
C0441,6,Active
C0441,7,Active
C0441,8,Active
C0441,9,Active
C0441,10,Active
C0441,11,Active
C0441,12,At_Risk
C0442,1,Active
C0442,2,Active
C0442,3,Active
C0442,4,Active
C0442,5,Active
C0442,6,Active
C0442,7,At_Risk
C0442,8,Churned
C0442,9,Churned
C0442,10,Churned
C0442,11,Churned
C0442,12,Churned
C0443,1,Active
C0443,2,Active
C0443,3,Active
C0443,4,Active
C0443,5,Active
C0443,6,Active
C0443,7,At_Risk
C0443,8,At_Risk
C0443,9,Active
C0443,10,Active
C0443,11,Active
C0443,12,Active
C0444,1,Active
C0444,2,Active
C0444,3,Active
C0444,4,Active
C0444,5,At_Risk
C0444,6,Active
C0444,7,At_Risk
C0444,8,At_Risk
C0444,9,At_Risk
C0444,10,At_Risk
C0444,11,At_Risk
C0444,12,Active
C0445,1,Active
C0445,2,Active
C0445,3,Active
C0445,4,Active
C0445,5,Active
C0445,6,Active
C0445,7,Active
C0445,8,Active
C0445,9,Active
C0445,10,Active
C0445,11,At_Risk
C0445,12,At_Risk
C0446,1,Active
C0446,2,Active
C0446,3,Active
C0446,4,Active
C0446,5,Active
C0446,6,Active
C0446,7,Active
C0446,8,Active
C0446,9,Active
C0446,10,Active
C0446,11,Active
C0446,12,Active
C0447,1,Active
C0447,2,Churned
C0447,3,Churned
C0447,4,Churned
C0447,5,Churned
C0447,6,Churned
C0447,7,Churned
C0447,8,Churned
C0447,9,Churned
C0447,10,Churned
C0447,11,Churned
C0447,12,Churned
C0448,1,Active
C0448,2,Active
C0448,3,Active
C0448,4,Active
C0448,5,Active
C0448,6,Active
C0448,7,Active
C0448,8,Active
C0448,9,Active
C0448,10,Active
C0448,11,Active
C0448,12,Active
C0449,1,Active
C0449,2,Active
C0449,3,At_Risk
C0449,4,At_Risk
C0449,5,At_Risk
C0449,6,Active
C0449,7,Active
C0449,8,Active
C0449,9,Active
C0449,10,Churned
C0449,11,Churned
C0449,12,Churned
C0450,1,Active
C0450,2,Active
C0450,3,At_Risk
C0450,4,At_Risk
C0450,5,At_Risk
C0450,6,Churned
C0450,7,Churned
C0450,8,Churned
C0450,9,Churned
C0450,10,Churned
C0450,11,Churned
C0450,12,Churned
C0451,1,Active
C0451,2,Active
C0451,3,Active
C0451,4,Active
C0451,5,At_Risk
C0451,6,At_Risk
C0451,7,Active
C0451,8,At_Risk
C0451,9,At_Risk
C0451,10,Active
C0451,11,Active
C0451,12,Active
C0452,1,Active
C0452,2,At_Risk
C0452,3,Active
C0452,4,Active
C0452,5,Active
C0452,6,Active
C0452,7,Active
C0452,8,Active
C0452,9,Active
C0452,10,Active
C0452,11,Active
C0452,12,At_Risk
C0453,1,Active
C0453,2,Active
C0453,3,Active
C0453,4,At_Risk
C0453,5,At_Risk
C0453,6,Active
C0453,7,Active
C0453,8,Active
C0453,9,Active
C0453,10,Active
C0453,11,Active
C0453,12,Active
C0454,1,Active
C0454,2,Active
C0454,3,Active
C0454,4,Active
C0454,5,Active
C0454,6,At_Risk
C0454,7,Active
C0454,8,Active
C0454,9,Active
C0454,10,Active
C0454,11,Active
C0454,12,Active
C0455,1,Active
C0455,2,Active
C0455,3,At_Risk
C0455,4,At_Risk
C0455,5,Churned
C0455,6,Churned
C0455,7,Churned
C0455,8,Churned
C0455,9,Churned
C0455,10,Churned
C0455,11,Churned
C0455,12,Churned
C0456,1,Active
C0456,2,Active
C0456,3,Active
C0456,4,At_Risk
C0456,5,Churned
C0456,6,Churned
C0456,7,Churned
C0456,8,Churned
C0456,9,Churned
C0456,10,Churned
C0456,11,Churned
C0456,12,Churned
C0457,1,Active
C0457,2,Churned
C0457,3,Churned
C0457,4,Churned
C0457,5,Churned
C0457,6,Churned
C0457,7,Churned
C0457,8,Churned
C0457,9,Churned
C0457,10,Churned
C0457,11,Churned
C0457,12,Churned
C0458,1,Active
C0458,2,Active
C0458,3,At_Risk
C0458,4,At_Risk
C0458,5,Churned
C0458,6,Churned
C0458,7,Churned
C0458,8,Churned
C0458,9,Churned
C0458,10,Churned
C0458,11,Churned
C0458,12,Churned
C0459,1,Active
C0459,2,Active
C0459,3,Active
C0459,4,Active
C0459,5,Active
C0459,6,Active
C0459,7,Active
C0459,8,Active
C0459,9,Active
C0459,10,Active
C0459,11,Active
C0459,12,Active
C0460,1,Active
C0460,2,Active
C0460,3,Active
C0460,4,Active
C0460,5,At_Risk
C0460,6,Active
C0460,7,Active
C0460,8,Active
C0460,9,Active
C0460,10,Churned
C0460,11,Churned
C0460,12,Churned
C0461,1,Active
C0461,2,Active
C0461,3,Active
C0461,4,Active
C0461,5,Churned
C0461,6,Churned
C0461,7,Churned
C0461,8,Churned
C0461,9,Churned
C0461,10,Churned
C0461,11,Churned
C0461,12,Churned
C0462,1,Active
C0462,2,Active
C0462,3,Active
C0462,4,Active
C0462,5,Active
C0462,6,Active
C0462,7,Active
C0462,8,Churned
C0462,9,Churned
C0462,10,Churned
C0462,11,Churned
C0462,12,Churned
C0463,1,Active
C0463,2,At_Risk
C0463,3,At_Risk
C0463,4,At_Risk
C0463,5,Active
C0463,6,Active
C0463,7,Active
C0463,8,Active
C0463,9,At_Risk
C0463,10,Churned
C0463,11,Churned
C0463,12,Churned
C0464,1,Active
C0464,2,Active
C0464,3,Active
C0464,4,Active
C0464,5,Active
C0464,6,At_Risk
C0464,7,Active
C0464,8,At_Risk
C0464,9,At_Risk
C0464,10,Active
C0464,11,Active
C0464,12,Active
C0465,1,Active
C0465,2,Active
C0465,3,At_Risk
C0465,4,At_Risk
C0465,5,Active
C0465,6,Active
C0465,7,Active
C0465,8,Active
C0465,9,Active
C0465,10,Active
C0465,11,Active
C0465,12,At_Risk
C0466,1,Active
C0466,2,Active
C0466,3,At_Risk
C0466,4,Active
C0466,5,Active
C0466,6,Active
C0466,7,At_Risk
C0466,8,At_Risk
C0466,9,At_Risk
C0466,10,Churned
C0466,11,Churned
C0466,12,Churned
C0467,1,Active
C0467,2,Active
C0467,3,At_Risk
C0467,4,At_Risk
C0467,5,Active
C0467,6,Active
C0467,7,Active
C0467,8,Active
C0467,9,Active
C0467,10,Active
C0467,11,Active
C0467,12,Active
C0468,1,Active
C0468,2,At_Risk
C0468,3,Active
C0468,4,Active
C0468,5,Active
C0468,6,At_Risk
C0468,7,At_Risk
C0468,8,At_Risk
C0468,9,At_Risk
C0468,10,Churned
C0468,11,Churned
C0468,12,Churned
C0469,1,Active
C0469,2,Active
C0469,3,Active
C0469,4,At_Risk
C0469,5,Churned
C0469,6,Churned
C0469,7,Churned
C0469,8,Churned
C0469,9,Churned
C0469,10,Churned
C0469,11,Churned
C0469,12,Churned
C0470,1,Active
C0470,2,Active
C0470,3,At_Risk
C0470,4,Active
C0470,5,Active
C0470,6,Active
C0470,7,At_Risk
C0470,8,At_Risk
C0470,9,At_Risk
C0470,10,Active
C0470,11,Active
C0470,12,Active
C0471,1,Active
C0471,2,Active
C0471,3,Active
C0471,4,Active
C0471,5,Active
C0471,6,Churned
C0471,7,Churned
C0471,8,Churned
C0471,9,Churned
C0471,10,Churned
C0471,11,Churned
C0471,12,Churned
C0472,1,Active
C0472,2,Active
C0472,3,Active
C0472,4,Active
C0472,5,Active
C0472,6,At_Risk
C0472,7,At_Risk
C0472,8,Active
C0472,9,At_Risk
C0472,10,Churned
C0472,11,Churned
C0472,12,Churned
C0473,1,Active
C0473,2,Active
C0473,3,Active
C0473,4,Active
C0473,5,Active
C0473,6,At_Risk
C0473,7,Churned
C0473,8,Churned
C0473,9,Churned
C0473,10,Churned
C0473,11,Churned
C0473,12,Churned
C0474,1,Active
C0474,2,Active
C0474,3,Active
C0474,4,Active
C0474,5,Active
C0474,6,At_Risk
C0474,7,At_Risk
C0474,8,At_Risk
C0474,9,At_Risk
C0474,10,Churned
C0474,11,Churned
C0474,12,Churned
C0475,1,Active
C0475,2,Active
C0475,3,Active
C0475,4,Active
C0475,5,Active
C0475,6,Active
C0475,7,Active
C0475,8,Active
C0475,9,Active
C0475,10,Active
C0475,11,Active
C0475,12,Active
C0476,1,Active
C0476,2,Active
C0476,3,At_Risk
C0476,4,Active
C0476,5,Active
C0476,6,Active
C0476,7,Active
C0476,8,Active
C0476,9,Active
C0476,10,Active
C0476,11,Active
C0476,12,Active
C0477,1,Active
C0477,2,Active
C0477,3,Active
C0477,4,Active
C0477,5,Active
C0477,6,Active
C0477,7,Active
C0477,8,Active
C0477,9,At_Risk
C0477,10,At_Risk
C0477,11,Active
C0477,12,Active
C0478,1,Active
C0478,2,Active
C0478,3,Active
C0478,4,Active
C0478,5,Active
C0478,6,Active
C0478,7,Active
C0478,8,Churned
C0478,9,Churned
C0478,10,Churned
C0478,11,Churned
C0478,12,Churned
C0479,1,Active
C0479,2,Active
C0479,3,At_Risk
C0479,4,At_Risk
C0479,5,Active
C0479,6,Active
C0479,7,Active
C0479,8,At_Risk
C0479,9,Active
C0479,10,Active
C0479,11,Active
C0479,12,Churned
C0480,1,Active
C0480,2,Active
C0480,3,Active
C0480,4,Active
C0480,5,Active
C0480,6,Active
C0480,7,Active
C0480,8,Churned
C0480,9,Churned
C0480,10,Churned
C0480,11,Churned
C0480,12,Churned
C0481,1,Active
C0481,2,Active
C0481,3,Active
C0481,4,Active
C0481,5,Active
C0481,6,Churned
C0481,7,Churned
C0481,8,Churned
C0481,9,Churned
C0481,10,Churned
C0481,11,Churned
C0481,12,Churned
C0482,1,Active
C0482,2,Active
C0482,3,At_Risk
C0482,4,Active
C0482,5,Active
C0482,6,Active
C0482,7,Active
C0482,8,Active
C0482,9,At_Risk
C0482,10,Active
C0482,11,Active
C0482,12,Active
C0483,1,Active
C0483,2,Active
C0483,3,Active
C0483,4,Active
C0483,5,Active
C0483,6,Churned
C0483,7,Churned
C0483,8,Churned
C0483,9,Churned
C0483,10,Churned
C0483,11,Churned
C0483,12,Churned
C0484,1,Active
C0484,2,Active
C0484,3,Active
C0484,4,Active
C0484,5,Active
C0484,6,Active
C0484,7,Active
C0484,8,At_Risk
C0484,9,Active
C0484,10,Churned
C0484,11,Churned
C0484,12,Churned
C0485,1,Active
C0485,2,Active
C0485,3,Active
C0485,4,Active
C0485,5,Active
C0485,6,Active
C0485,7,Churned
C0485,8,Churned
C0485,9,Churned
C0485,10,Churned
C0485,11,Churned
C0485,12,Churned
C0486,1,Active
C0486,2,Active
C0486,3,Active
C0486,4,Active
C0486,5,At_Risk
C0486,6,Active
C0486,7,At_Risk
C0486,8,Churned
C0486,9,Churned
C0486,10,Churned
C0486,11,Churned
C0486,12,Churned
C0487,1,Active
C0487,2,Active
C0487,3,Active
C0487,4,Active
C0487,5,Active
C0487,6,Active
C0487,7,Active
C0487,8,Active
C0487,9,Active
C0487,10,Active
C0487,11,Churned
C0487,12,Churned
C0488,1,Active
C0488,2,Active
C0488,3,Active
C0488,4,At_Risk
C0488,5,At_Risk
C0488,6,At_Risk
C0488,7,At_Risk
C0488,8,At_Risk
C0488,9,At_Risk
C0488,10,Churned
C0488,11,Churned
C0488,12,Churned
C0489,1,Active
C0489,2,Active
C0489,3,Active
C0489,4,Active
C0489,5,Active
C0489,6,Active
C0489,7,Active
C0489,8,Active
C0489,9,Active
C0489,10,Active
C0489,11,Active
C0489,12,At_Risk
C0490,1,Active
C0490,2,Active
C0490,3,Active
C0490,4,Active
C0490,5,Active
C0490,6,Active
C0490,7,Churned
C0490,8,Churned
C0490,9,Churned
C0490,10,Churned
C0490,11,Churned
C0490,12,Churned
C0491,1,Active
C0491,2,Active
C0491,3,Active
C0491,4,Active
C0491,5,Active
C0491,6,Active
C0491,7,Active
C0491,8,Active
C0491,9,Active
C0491,10,Active
C0491,11,At_Risk
C0491,12,Active
C0492,1,Active
C0492,2,Active
C0492,3,At_Risk
C0492,4,Churned
C0492,5,Churned
C0492,6,Churned
C0492,7,Churned
C0492,8,Churned
C0492,9,Churned
C0492,10,Churned
C0492,11,Churned
C0492,12,Churned
C0493,1,Active
C0493,2,Active
C0493,3,Active
C0493,4,Active
C0493,5,At_Risk
C0493,6,Churned
C0493,7,Churned
C0493,8,Churned
C0493,9,Churned
C0493,10,Churned
C0493,11,Churned
C0493,12,Churned
C0494,1,Active
C0494,2,Active
C0494,3,Active
C0494,4,Active
C0494,5,Active
C0494,6,Active
C0494,7,Active
C0494,8,Active
C0494,9,Active
C0494,10,Active
C0494,11,Active
C0494,12,At_Risk
C0495,1,Active
C0495,2,Active
C0495,3,Active
C0495,4,Churned
C0495,5,Churned
C0495,6,Churned
C0495,7,Churned
C0495,8,Churned
C0495,9,Churned
C0495,10,Churned
C0495,11,Churned
C0495,12,Churned
C0496,1,Active
C0496,2,Active
C0496,3,Active
C0496,4,Active
C0496,5,Active
C0496,6,Active
C0496,7,Active
C0496,8,Active
C0496,9,Active
C0496,10,Active
C0496,11,At_Risk
C0496,12,Churned
C0497,1,Active
C0497,2,Active
C0497,3,Active
C0497,4,Churned
C0497,5,Churned
C0497,6,Churned
C0497,7,Churned
C0497,8,Churned
C0497,9,Churned
C0497,10,Churned
C0497,11,Churned
C0497,12,Churned
C0498,1,Active
C0498,2,Active
C0498,3,Active
C0498,4,Active
C0498,5,Active
C0498,6,Active
C0498,7,Active
C0498,8,At_Risk
C0498,9,At_Risk
C0498,10,Churned
C0498,11,Churned
C0498,12,Churned
C0499,1,Active
C0499,2,Active
C0499,3,Churned
C0499,4,Churned
C0499,5,Churned
C0499,6,Churned
C0499,7,Churned
C0499,8,Churned
C0499,9,Churned
C0499,10,Churned
C0499,11,Churned
C0499,12,Churned
C0500,1,Active
C0500,2,Active
C0500,3,Active
C0500,4,Active
C0500,5,At_Risk
C0500,6,Active
C0500,7,Active
C0500,8,Active
C0500,9,Active
C0500,10,Active
C0500,11,Active
C0500,12,Active
C0501,1,Active
C0501,2,Active
C0501,3,At_Risk
C0501,4,At_Risk
C0501,5,Active
C0501,6,Active
C0501,7,At_Risk
C0501,8,Active
C0501,9,Active
C0501,10,Churned
C0501,11,Churned
C0501,12,Churned
C0502,1,Active
C0502,2,At_Risk
C0502,3,Churned
C0502,4,Churned
C0502,5,Churned
C0502,6,Churned
C0502,7,Churned
C0502,8,Churned
C0502,9,Churned
C0502,10,Churned
C0502,11,Churned
C0502,12,Churned
C0503,1,Active
C0503,2,At_Risk
C0503,3,At_Risk
C0503,4,Active
C0503,5,Active
C0503,6,Active
C0503,7,Active
C0503,8,Active
C0503,9,Active
C0503,10,At_Risk
C0503,11,Churned
C0503,12,Churned
C0504,1,Active
C0504,2,Active
C0504,3,Active
C0504,4,Churned
C0504,5,Churned
C0504,6,Churned
C0504,7,Churned
C0504,8,Churned
C0504,9,Churned
C0504,10,Churned
C0504,11,Churned
C0504,12,Churned
C0505,1,Active
C0505,2,Active
C0505,3,Active
C0505,4,Active
C0505,5,At_Risk
C0505,6,Active
C0505,7,Active
C0505,8,Active
C0505,9,At_Risk
C0505,10,At_Risk
C0505,11,At_Risk
C0505,12,At_Risk
C0506,1,Active
C0506,2,Active
C0506,3,Churned
C0506,4,Churned
C0506,5,Churned
C0506,6,Churned
C0506,7,Churned
C0506,8,Churned
C0506,9,Churned
C0506,10,Churned
C0506,11,Churned
C0506,12,Churned
C0507,1,Active
C0507,2,Active
C0507,3,Active
C0507,4,Churned
C0507,5,Churned
C0507,6,Churned
C0507,7,Churned
C0507,8,Churned
C0507,9,Churned
C0507,10,Churned
C0507,11,Churned
C0507,12,Churned
C0508,1,Active
C0508,2,At_Risk
C0508,3,At_Risk
C0508,4,Active
C0508,5,Active
C0508,6,Active
C0508,7,Active
C0508,8,Active
C0508,9,At_Risk
C0508,10,Churned
C0508,11,Churned
C0508,12,Churned
C0509,1,Active
C0509,2,Active
C0509,3,At_Risk
C0509,4,Churned
C0509,5,Churned
C0509,6,Churned
C0509,7,Churned
C0509,8,Churned
C0509,9,Churned
C0509,10,Churned
C0509,11,Churned
C0509,12,Churned
C0510,1,Active
C0510,2,Active
C0510,3,Active
C0510,4,Active
C0510,5,Active
C0510,6,Active
C0510,7,Active
C0510,8,Active
C0510,9,Active
C0510,10,Active
C0510,11,Active
C0510,12,Active
C0511,1,Active
C0511,2,Active
C0511,3,Active
C0511,4,Active
C0511,5,Active
C0511,6,Active
C0511,7,Active
C0511,8,Active
C0511,9,Active
C0511,10,Active
C0511,11,Active
C0511,12,Active
C0512,1,Active
C0512,2,At_Risk
C0512,3,At_Risk
C0512,4,Active
C0512,5,At_Risk
C0512,6,Active
C0512,7,Active
C0512,8,Active
C0512,9,Active
C0512,10,Active
C0512,11,Active
C0512,12,Active
C0513,1,Active
C0513,2,Active
C0513,3,Churned
C0513,4,Churned
C0513,5,Churned
C0513,6,Churned
C0513,7,Churned
C0513,8,Churned
C0513,9,Churned
C0513,10,Churned
C0513,11,Churned
C0513,12,Churned
C0514,1,Active
C0514,2,Active
C0514,3,At_Risk
C0514,4,At_Risk
C0514,5,At_Risk
C0514,6,At_Risk
C0514,7,At_Risk
C0514,8,Active
C0514,9,Active
C0514,10,At_Risk
C0514,11,Active
C0514,12,Active
C0515,1,Active
C0515,2,Active
C0515,3,Active
C0515,4,Active
C0515,5,Active
C0515,6,Active
C0515,7,Active
C0515,8,Active
C0515,9,Active
C0515,10,Active
C0515,11,Active
C0515,12,Active
C0516,1,Active
C0516,2,Active
C0516,3,Active
C0516,4,Active
C0516,5,Active
C0516,6,Active
C0516,7,Active
C0516,8,Active
C0516,9,Active
C0516,10,Active
C0516,11,Active
C0516,12,Active
C0517,1,Active
C0517,2,Active
C0517,3,Active
C0517,4,Active
C0517,5,Active
C0517,6,Active
C0517,7,Active
C0517,8,Active
C0517,9,Active
C0517,10,At_Risk
C0517,11,At_Risk
C0517,12,At_Risk
C0518,1,Active
C0518,2,Active
C0518,3,Active
C0518,4,At_Risk
C0518,5,Churned
C0518,6,Churned
C0518,7,Churned
C0518,8,Churned
C0518,9,Churned
C0518,10,Churned
C0518,11,Churned
C0518,12,Churned
C0519,1,Active
C0519,2,Active
C0519,3,Active
C0519,4,Active
C0519,5,Active
C0519,6,Active
C0519,7,Active
C0519,8,Active
C0519,9,At_Risk
C0519,10,At_Risk
C0519,11,At_Risk
C0519,12,Active
C0520,1,Active
C0520,2,At_Risk
C0520,3,Churned
C0520,4,Churned
C0520,5,Churned
C0520,6,Churned
C0520,7,Churned
C0520,8,Churned
C0520,9,Churned
C0520,10,Churned
C0520,11,Churned
C0520,12,Churned
C0521,1,Active
C0521,2,At_Risk
C0521,3,Active
C0521,4,Churned
C0521,5,Churned
C0521,6,Churned
C0521,7,Churned
C0521,8,Churned
C0521,9,Churned
C0521,10,Churned
C0521,11,Churned
C0521,12,Churned
C0522,1,Active
C0522,2,Active
C0522,3,Active
C0522,4,Active
C0522,5,Active
C0522,6,Active
C0522,7,Active
C0522,8,At_Risk
C0522,9,At_Risk
C0522,10,Active
C0522,11,Active
C0522,12,Active
C0523,1,Active
C0523,2,Active
C0523,3,Active
C0523,4,Active
C0523,5,At_Risk
C0523,6,Churned
C0523,7,Churned
C0523,8,Churned
C0523,9,Churned
C0523,10,Churned
C0523,11,Churned
C0523,12,Churned
C0524,1,Active
C0524,2,Active
C0524,3,Active
C0524,4,Active
C0524,5,Active
C0524,6,Active
C0524,7,Active
C0524,8,Active
C0524,9,Active
C0524,10,Active
C0524,11,At_Risk
C0524,12,Active
C0525,1,Active
C0525,2,Active
C0525,3,Active
C0525,4,Active
C0525,5,Churned
C0525,6,Churned
C0525,7,Churned
C0525,8,Churned
C0525,9,Churned
C0525,10,Churned
C0525,11,Churned
C0525,12,Churned
C0526,1,Active
C0526,2,Active
C0526,3,Active
C0526,4,Active
C0526,5,Active
C0526,6,Active
C0526,7,Churned
C0526,8,Churned
C0526,9,Churned
C0526,10,Churned
C0526,11,Churned
C0526,12,Churned
C0527,1,Active
C0527,2,Churned
C0527,3,Churned
C0527,4,Churned
C0527,5,Churned
C0527,6,Churned
C0527,7,Churned
C0527,8,Churned
C0527,9,Churned
C0527,10,Churned
C0527,11,Churned
C0527,12,Churned
C0528,1,Active
C0528,2,Churned
C0528,3,Churned
C0528,4,Churned
C0528,5,Churned
C0528,6,Churned
C0528,7,Churned
C0528,8,Churned
C0528,9,Churned
C0528,10,Churned
C0528,11,Churned
C0528,12,Churned
C0529,1,Active
C0529,2,Active
C0529,3,Active
C0529,4,Active
C0529,5,Active
C0529,6,Active
C0529,7,Active
C0529,8,Active
C0529,9,Active
C0529,10,Active
C0529,11,At_Risk
C0529,12,At_Risk
C0530,1,Active
C0530,2,Active
C0530,3,Active
C0530,4,Active
C0530,5,At_Risk
C0530,6,At_Risk
C0530,7,Active
C0530,8,Active
C0530,9,Active
C0530,10,Active
C0530,11,Churned
C0530,12,Churned
C0531,1,Active
C0531,2,Active
C0531,3,At_Risk
C0531,4,At_Risk
C0531,5,At_Risk
C0531,6,At_Risk
C0531,7,Active
C0531,8,Active
C0531,9,Active
C0531,10,At_Risk
C0531,11,At_Risk
C0531,12,Active
C0532,1,Active
C0532,2,Active
C0532,3,Active
C0532,4,Active
C0532,5,Active
C0532,6,Active
C0532,7,Churned
C0532,8,Churned
C0532,9,Churned
C0532,10,Churned
C0532,11,Churned
C0532,12,Churned
C0533,1,Active
C0533,2,Active
C0533,3,Active
C0533,4,Active
C0533,5,Active
C0533,6,Active
C0533,7,Active
C0533,8,Active
C0533,9,Active
C0533,10,Active
C0533,11,Active
C0533,12,Active
C0534,1,Active
C0534,2,Active
C0534,3,Active
C0534,4,At_Risk
C0534,5,At_Risk
C0534,6,Active
C0534,7,Active
C0534,8,Active
C0534,9,Churned
C0534,10,Churned
C0534,11,Churned
C0534,12,Churned
C0535,1,Active
C0535,2,Active
C0535,3,At_Risk
C0535,4,At_Risk
C0535,5,At_Risk
C0535,6,At_Risk
C0535,7,At_Risk
C0535,8,Churned
C0535,9,Churned
C0535,10,Churned
C0535,11,Churned
C0535,12,Churned
C0536,1,Active
C0536,2,Active
C0536,3,Active
C0536,4,Active
C0536,5,Active
C0536,6,Active
C0536,7,Active
C0536,8,Active
C0536,9,Churned
C0536,10,Churned
C0536,11,Churned
C0536,12,Churned
C0537,1,Active
C0537,2,Active
C0537,3,At_Risk
C0537,4,At_Risk
C0537,5,At_Risk
C0537,6,At_Risk
C0537,7,Active
C0537,8,Active
C0537,9,Active
C0537,10,Active
C0537,11,Active
C0537,12,Active
C0538,1,Active
C0538,2,Active
C0538,3,Active
C0538,4,Active
C0538,5,At_Risk
C0538,6,At_Risk
C0538,7,At_Risk
C0538,8,At_Risk
C0538,9,Active
C0538,10,Active
C0538,11,Active
C0538,12,Active
C0539,1,Active
C0539,2,Active
C0539,3,Active
C0539,4,Active
C0539,5,Active
C0539,6,At_Risk
C0539,7,At_Risk
C0539,8,Active
C0539,9,Active
C0539,10,Active
C0539,11,Active
C0539,12,At_Risk
C0540,1,Active
C0540,2,At_Risk
C0540,3,At_Risk
C0540,4,Active
C0540,5,Active
C0540,6,Active
C0540,7,Active
C0540,8,Active
C0540,9,At_Risk
C0540,10,Active
C0540,11,Active
C0540,12,Active
C0541,1,Active
C0541,2,Churned
C0541,3,Churned
C0541,4,Churned
C0541,5,Churned
C0541,6,Churned
C0541,7,Churned
C0541,8,Churned
C0541,9,Churned
C0541,10,Churned
C0541,11,Churned
C0541,12,Churned
C0542,1,Active
C0542,2,Active
C0542,3,Active
C0542,4,Active
C0542,5,Active
C0542,6,Active
C0542,7,Active
C0542,8,Active
C0542,9,Active
C0542,10,At_Risk
C0542,11,Active
C0542,12,Active
C0543,1,Active
C0543,2,At_Risk
C0543,3,Active
C0543,4,At_Risk
C0543,5,Active
C0543,6,At_Risk
C0543,7,Churned
C0543,8,Churned
C0543,9,Churned
C0543,10,Churned
C0543,11,Churned
C0543,12,Churned
C0544,1,Active
C0544,2,Churned
C0544,3,Churned
C0544,4,Churned
C0544,5,Churned
C0544,6,Churned
C0544,7,Churned
C0544,8,Churned
C0544,9,Churned
C0544,10,Churned
C0544,11,Churned
C0544,12,Churned
C0545,1,Active
C0545,2,Active
C0545,3,Active
C0545,4,Active
C0545,5,Active
C0545,6,Active
C0545,7,Active
C0545,8,Active
C0545,9,Active
C0545,10,Active
C0545,11,Active
C0545,12,Active
C0546,1,Active
C0546,2,Active
C0546,3,Active
C0546,4,Active
C0546,5,Active
C0546,6,Active
C0546,7,At_Risk
C0546,8,At_Risk
C0546,9,At_Risk
C0546,10,Churned
C0546,11,Churned
C0546,12,Churned
C0547,1,Active
C0547,2,Active
C0547,3,Active
C0547,4,Active
C0547,5,Active
C0547,6,Active
C0547,7,Active
C0547,8,Active
C0547,9,Active
C0547,10,Active
C0547,11,Active
C0547,12,At_Risk
C0548,1,Active
C0548,2,Active
C0548,3,Active
C0548,4,Active
C0548,5,Active
C0548,6,Active
C0548,7,Active
C0548,8,Active
C0548,9,Active
C0548,10,Active
C0548,11,Active
C0548,12,Active
C0549,1,Active
C0549,2,Active
C0549,3,Active
C0549,4,Churned
C0549,5,Churned
C0549,6,Churned
C0549,7,Churned
C0549,8,Churned
C0549,9,Churned
C0549,10,Churned
C0549,11,Churned
C0549,12,Churned
C0550,1,Active
C0550,2,Active
C0550,3,Active
C0550,4,At_Risk
C0550,5,At_Risk
C0550,6,Active
C0550,7,Active
C0550,8,At_Risk
C0550,9,Active
C0550,10,Active
C0550,11,Churned
C0550,12,Churned
C0551,1,Active
C0551,2,Active
C0551,3,Active
C0551,4,Active
C0551,5,Active
C0551,6,At_Risk
C0551,7,Churned
C0551,8,Churned
C0551,9,Churned
C0551,10,Churned
C0551,11,Churned
C0551,12,Churned
C0552,1,Active
C0552,2,Active
C0552,3,Active
C0552,4,Active
C0552,5,Active
C0552,6,Active
C0552,7,Active
C0552,8,Active
C0552,9,Active
C0552,10,At_Risk
C0552,11,At_Risk
C0552,12,At_Risk
C0553,1,Active
C0553,2,Active
C0553,3,At_Risk
C0553,4,Active
C0553,5,Active
C0553,6,Active
C0553,7,At_Risk
C0553,8,Churned
C0553,9,Churned
C0553,10,Churned
C0553,11,Churned
C0553,12,Churned
C0554,1,Active
C0554,2,At_Risk
C0554,3,Churned
C0554,4,Churned
C0554,5,Churned
C0554,6,Churned
C0554,7,Churned
C0554,8,Churned
C0554,9,Churned
C0554,10,Churned
C0554,11,Churned
C0554,12,Churned
C0555,1,Active
C0555,2,Active
C0555,3,Active
C0555,4,Active
C0555,5,Active
C0555,6,At_Risk
C0555,7,Active
C0555,8,Active
C0555,9,Active
C0555,10,Active
C0555,11,Active
C0555,12,At_Risk
C0556,1,Active
C0556,2,Active
C0556,3,Active
C0556,4,Active
C0556,5,Active
C0556,6,At_Risk
C0556,7,At_Risk
C0556,8,Churned
C0556,9,Churned
C0556,10,Churned
C0556,11,Churned
C0556,12,Churned
C0557,1,Active
C0557,2,Active
C0557,3,Active
C0557,4,Active
C0557,5,At_Risk
C0557,6,At_Risk
C0557,7,Churned
C0557,8,Churned
C0557,9,Churned
C0557,10,Churned
C0557,11,Churned
C0557,12,Churned
C0558,1,Active
C0558,2,Active
C0558,3,Churned
C0558,4,Churned
C0558,5,Churned
C0558,6,Churned
C0558,7,Churned
C0558,8,Churned
C0558,9,Churned
C0558,10,Churned
C0558,11,Churned
C0558,12,Churned
C0559,1,Active
C0559,2,Active
C0559,3,At_Risk
C0559,4,Active
C0559,5,Active
C0559,6,Active
C0559,7,At_Risk
C0559,8,At_Risk
C0559,9,Active
C0559,10,Active
C0559,11,Active
C0559,12,Active
C0560,1,Active
C0560,2,Active
C0560,3,At_Risk
C0560,4,Churned
C0560,5,Churned
C0560,6,Churned
C0560,7,Churned
C0560,8,Churned
C0560,9,Churned
C0560,10,Churned
C0560,11,Churned
C0560,12,Churned
C0561,1,Active
C0561,2,Active
C0561,3,Active
C0561,4,Active
C0561,5,Active
C0561,6,Active
C0561,7,Active
C0561,8,Active
C0561,9,Active
C0561,10,Active
C0561,11,At_Risk
C0561,12,Active
C0562,1,Active
C0562,2,Active
C0562,3,Active
C0562,4,Churned
C0562,5,Churned
C0562,6,Churned
C0562,7,Churned
C0562,8,Churned
C0562,9,Churned
C0562,10,Churned
C0562,11,Churned
C0562,12,Churned
C0563,1,Active
C0563,2,At_Risk
C0563,3,Active
C0563,4,Active
C0563,5,At_Risk
C0563,6,Active
C0563,7,Active
C0563,8,Active
C0563,9,Active
C0563,10,Active
C0563,11,At_Risk
C0563,12,At_Risk
C0564,1,Active
C0564,2,Active
C0564,3,Active
C0564,4,Active
C0564,5,Active
C0564,6,At_Risk
C0564,7,Churned
C0564,8,Churned
C0564,9,Churned
C0564,10,Churned
C0564,11,Churned
C0564,12,Churned
C0565,1,Active
C0565,2,Active
C0565,3,Active
C0565,4,Active
C0565,5,Active
C0565,6,At_Risk
C0565,7,At_Risk
C0565,8,At_Risk
C0565,9,At_Risk
C0565,10,Active
C0565,11,Active
C0565,12,Active
C0566,1,Active
C0566,2,Active
C0566,3,Active
C0566,4,Active
C0566,5,Active
C0566,6,Churned
C0566,7,Churned
C0566,8,Churned
C0566,9,Churned
C0566,10,Churned
C0566,11,Churned
C0566,12,Churned
C0567,1,Active
C0567,2,Active
C0567,3,Churned
C0567,4,Churned
C0567,5,Churned
C0567,6,Churned
C0567,7,Churned
C0567,8,Churned
C0567,9,Churned
C0567,10,Churned
C0567,11,Churned
C0567,12,Churned
C0568,1,Active
C0568,2,Active
C0568,3,Active
C0568,4,Active
C0568,5,Active
C0568,6,Active
C0568,7,Active
C0568,8,Active
C0568,9,Active
C0568,10,At_Risk
C0568,11,Churned
C0568,12,Churned
C0569,1,Active
C0569,2,Active
C0569,3,Active
C0569,4,Active
C0569,5,Active
C0569,6,At_Risk
C0569,7,At_Risk
C0569,8,Churned
C0569,9,Churned
C0569,10,Churned
C0569,11,Churned
C0569,12,Churned
C0570,1,Active
C0570,2,Active
C0570,3,At_Risk
C0570,4,Active
C0570,5,Active
C0570,6,Active
C0570,7,At_Risk
C0570,8,At_Risk
C0570,9,At_Risk
C0570,10,Active
C0570,11,At_Risk
C0570,12,At_Risk
C0571,1,Active
C0571,2,Active
C0571,3,Active
C0571,4,Active
C0571,5,Churned
C0571,6,Churned
C0571,7,Churned
C0571,8,Churned
C0571,9,Churned
C0571,10,Churned
C0571,11,Churned
C0571,12,Churned
C0572,1,Active
C0572,2,At_Risk
C0572,3,At_Risk
C0572,4,At_Risk
C0572,5,At_Risk
C0572,6,Churned
C0572,7,Churned
C0572,8,Churned
C0572,9,Churned
C0572,10,Churned
C0572,11,Churned
C0572,12,Churned
C0573,1,Active
C0573,2,Active
C0573,3,Active
C0573,4,Active
C0573,5,Churned
C0573,6,Churned
C0573,7,Churned
C0573,8,Churned
C0573,9,Churned
C0573,10,Churned
C0573,11,Churned
C0573,12,Churned
C0574,1,Active
C0574,2,Active
C0574,3,At_Risk
C0574,4,Churned
C0574,5,Churned
C0574,6,Churned
C0574,7,Churned
C0574,8,Churned
C0574,9,Churned
C0574,10,Churned
C0574,11,Churned
C0574,12,Churned
C0575,1,Active
C0575,2,At_Risk
C0575,3,At_Risk
C0575,4,At_Risk
C0575,5,At_Risk
C0575,6,At_Risk
C0575,7,At_Risk
C0575,8,At_Risk
C0575,9,Active
C0575,10,Active
C0575,11,Active
C0575,12,Active
C0576,1,Active
C0576,2,Active
C0576,3,Active
C0576,4,At_Risk
C0576,5,At_Risk
C0576,6,At_Risk
C0576,7,At_Risk
C0576,8,At_Risk
C0576,9,Active
C0576,10,Active
C0576,11,Active
C0576,12,Active
C0577,1,Active
C0577,2,At_Risk
C0577,3,At_Risk
C0577,4,At_Risk
C0577,5,At_Risk
C0577,6,Active
C0577,7,Active
C0577,8,Active
C0577,9,Active
C0577,10,Active
C0577,11,At_Risk
C0577,12,At_Risk
C0578,1,Active
C0578,2,Active
C0578,3,Active
C0578,4,Active
C0578,5,Churned
C0578,6,Churned
C0578,7,Churned
C0578,8,Churned
C0578,9,Churned
C0578,10,Churned
C0578,11,Churned
C0578,12,Churned
C0579,1,Active
C0579,2,At_Risk
C0579,3,At_Risk
C0579,4,At_Risk
C0579,5,At_Risk
C0579,6,Active
C0579,7,Churned
C0579,8,Churned
C0579,9,Churned
C0579,10,Churned
C0579,11,Churned
C0579,12,Churned
C0580,1,Active
C0580,2,Active
C0580,3,Active
C0580,4,At_Risk
C0580,5,Churned
C0580,6,Churned
C0580,7,Churned
C0580,8,Churned
C0580,9,Churned
C0580,10,Churned
C0580,11,Churned
C0580,12,Churned
C0581,1,Active
C0581,2,Active
C0581,3,Active
C0581,4,Active
C0581,5,Active
C0581,6,Active
C0581,7,At_Risk
C0581,8,At_Risk
C0581,9,At_Risk
C0581,10,Churned
C0581,11,Churned
C0581,12,Churned
C0582,1,Active
C0582,2,Active
C0582,3,Active
C0582,4,Active
C0582,5,Active
C0582,6,Active
C0582,7,Active
C0582,8,Active
C0582,9,Active
C0582,10,Active
C0582,11,Active
C0582,12,Active
C0583,1,Active
C0583,2,Active
C0583,3,Active
C0583,4,Active
C0583,5,Active
C0583,6,Active
C0583,7,Active
C0583,8,Active
C0583,9,Active
C0583,10,Active
C0583,11,Active
C0583,12,Active
C0584,1,Active
C0584,2,Active
C0584,3,Active
C0584,4,Active
C0584,5,Active
C0584,6,Active
C0584,7,Active
C0584,8,Active
C0584,9,At_Risk
C0584,10,Active
C0584,11,Active
C0584,12,Active
C0585,1,Active
C0585,2,At_Risk
C0585,3,Active
C0585,4,Active
C0585,5,At_Risk
C0585,6,Active
C0585,7,Active
C0585,8,Active
C0585,9,Active
C0585,10,Active
C0585,11,Active
C0585,12,Active
C0586,1,Active
C0586,2,Active
C0586,3,At_Risk
C0586,4,Active
C0586,5,At_Risk
C0586,6,At_Risk
C0586,7,Active
C0586,8,Churned
C0586,9,Churned
C0586,10,Churned
C0586,11,Churned
C0586,12,Churned
C0587,1,Active
C0587,2,Active
C0587,3,Active
C0587,4,Active
C0587,5,Active
C0587,6,Active
C0587,7,Active
C0587,8,Active
C0587,9,Active
C0587,10,Active
C0587,11,Active
C0587,12,Active
C0588,1,Active
C0588,2,Active
C0588,3,Active
C0588,4,Active
C0588,5,Active
C0588,6,Active
C0588,7,Churned
C0588,8,Churned
C0588,9,Churned
C0588,10,Churned
C0588,11,Churned
C0588,12,Churned
C0589,1,Active
C0589,2,Active
C0589,3,At_Risk
C0589,4,Active
C0589,5,Active
C0589,6,Active
C0589,7,At_Risk
C0589,8,At_Risk
C0589,9,Active
C0589,10,Active
C0589,11,Active
C0589,12,Active
C0590,1,Active
C0590,2,Active
C0590,3,Active
C0590,4,Active
C0590,5,Active
C0590,6,At_Risk
C0590,7,At_Risk
C0590,8,Active
C0590,9,Active
C0590,10,Active
C0590,11,Active
C0590,12,Active
C0591,1,Active
C0591,2,At_Risk
C0591,3,At_Risk
C0591,4,At_Risk
C0591,5,Active
C0591,6,Active
C0591,7,Active
C0591,8,Active
C0591,9,At_Risk
C0591,10,Churned
C0591,11,Churned
C0591,12,Churned
C0592,1,Active
C0592,2,Active
C0592,3,Active
C0592,4,At_Risk
C0592,5,At_Risk
C0592,6,At_Risk
C0592,7,At_Risk
C0592,8,At_Risk
C0592,9,Active
C0592,10,Active
C0592,11,Active
C0592,12,At_Risk
C0593,1,Active
C0593,2,Active
C0593,3,Active
C0593,4,Active
C0593,5,Active
C0593,6,Churned
C0593,7,Churned
C0593,8,Churned
C0593,9,Churned
C0593,10,Churned
C0593,11,Churned
C0593,12,Churned
C0594,1,Active
C0594,2,Active
C0594,3,Active
C0594,4,Active
C0594,5,At_Risk
C0594,6,At_Risk
C0594,7,Churned
C0594,8,Churned
C0594,9,Churned
C0594,10,Churned
C0594,11,Churned
C0594,12,Churned
C0595,1,Active
C0595,2,Active
C0595,3,At_Risk
C0595,4,At_Risk
C0595,5,Active
C0595,6,Active
C0595,7,Churned
C0595,8,Churned
C0595,9,Churned
C0595,10,Churned
C0595,11,Churned
C0595,12,Churned
C0596,1,Active
C0596,2,Active
C0596,3,Active
C0596,4,Active
C0596,5,Active
C0596,6,Active
C0596,7,Active
C0596,8,Active
C0596,9,At_Risk
C0596,10,Churned
C0596,11,Churned
C0596,12,Churned
C0597,1,Active
C0597,2,Active
C0597,3,Active
C0597,4,Active
C0597,5,Active
C0597,6,Active
C0597,7,Active
C0597,8,Active
C0597,9,At_Risk
C0597,10,Active
C0597,11,At_Risk
C0597,12,Churned
C0598,1,Active
C0598,2,Active
C0598,3,Active
C0598,4,Active
C0598,5,At_Risk
C0598,6,At_Risk
C0598,7,Active
C0598,8,At_Risk
C0598,9,At_Risk
C0598,10,At_Risk
C0598,11,At_Risk
C0598,12,At_Risk
C0599,1,Active
C0599,2,Churned
C0599,3,Churned
C0599,4,Churned
C0599,5,Churned
C0599,6,Churned
C0599,7,Churned
C0599,8,Churned
C0599,9,Churned
C0599,10,Churned
C0599,11,Churned
C0599,12,Churned
C0600,1,Active
C0600,2,Active
C0600,3,Active
C0600,4,Active
C0600,5,Active
C0600,6,Active
C0600,7,Active
C0600,8,Active
C0600,9,Active
C0600,10,At_Risk
C0600,11,Churned
C0600,12,Churned
C0601,1,Active
C0601,2,Active
C0601,3,Active
C0601,4,At_Risk
C0601,5,Active
C0601,6,Active
C0601,7,Active
C0601,8,Active
C0601,9,At_Risk
C0601,10,At_Risk
C0601,11,At_Risk
C0601,12,At_Risk
C0602,1,Active
C0602,2,Active
C0602,3,Active
C0602,4,Active
C0602,5,At_Risk
C0602,6,Active
C0602,7,Active
C0602,8,At_Risk
C0602,9,Active
C0602,10,Active
C0602,11,Active
C0602,12,At_Risk
C0603,1,Active
C0603,2,At_Risk
C0603,3,Active
C0603,4,Active
C0603,5,Active
C0603,6,Active
C0603,7,Active
C0603,8,Active
C0603,9,Active
C0603,10,Active
C0603,11,Active
C0603,12,At_Risk
C0604,1,Active
C0604,2,Active
C0604,3,Active
C0604,4,Active
C0604,5,Active
C0604,6,Active
C0604,7,Active
C0604,8,Active
C0604,9,Active
C0604,10,Active
C0604,11,Active
C0604,12,Active
C0605,1,Active
C0605,2,Churned
C0605,3,Churned
C0605,4,Churned
C0605,5,Churned
C0605,6,Churned
C0605,7,Churned
C0605,8,Churned
C0605,9,Churned
C0605,10,Churned
C0605,11,Churned
C0605,12,Churned
C0606,1,Active
C0606,2,Active
C0606,3,Active
C0606,4,Active
C0606,5,Active
C0606,6,Active
C0606,7,Active
C0606,8,Active
C0606,9,Active
C0606,10,Active
C0606,11,Active
C0606,12,Active
C0607,1,Active
C0607,2,At_Risk
C0607,3,Active
C0607,4,Active
C0607,5,Active
C0607,6,Active
C0607,7,At_Risk
C0607,8,At_Risk
C0607,9,Active
C0607,10,Active
C0607,11,Active
C0607,12,Active
C0608,1,Active
C0608,2,Active
C0608,3,Active
C0608,4,Active
C0608,5,Active
C0608,6,Active
C0608,7,Active
C0608,8,Active
C0608,9,Active
C0608,10,Active
C0608,11,Active
C0608,12,At_Risk
C0609,1,Active
C0609,2,Active
C0609,3,Active
C0609,4,Active
C0609,5,Active
C0609,6,Active
C0609,7,Active
C0609,8,At_Risk
C0609,9,At_Risk
C0609,10,Active
C0609,11,Active
C0609,12,Active
C0610,1,Active
C0610,2,Active
C0610,3,Active
C0610,4,Active
C0610,5,Active
C0610,6,At_Risk
C0610,7,Active
C0610,8,Active
C0610,9,Active
C0610,10,Active
C0610,11,Active
C0610,12,At_Risk
C0611,1,Active
C0611,2,Active
C0611,3,Active
C0611,4,Active
C0611,5,Active
C0611,6,Active
C0611,7,Active
C0611,8,Active
C0611,9,Active
C0611,10,Active
C0611,11,Active
C0611,12,Active
C0612,1,Active
C0612,2,Active
C0612,3,Active
C0612,4,At_Risk
C0612,5,At_Risk
C0612,6,At_Risk
C0612,7,Active
C0612,8,Active
C0612,9,Active
C0612,10,Active
C0612,11,Active
C0612,12,Active
C0613,1,Active
C0613,2,Churned
C0613,3,Churned
C0613,4,Churned
C0613,5,Churned
C0613,6,Churned
C0613,7,Churned
C0613,8,Churned
C0613,9,Churned
C0613,10,Churned
C0613,11,Churned
C0613,12,Churned
C0614,1,Active
C0614,2,Churned
C0614,3,Churned
C0614,4,Churned
C0614,5,Churned
C0614,6,Churned
C0614,7,Churned
C0614,8,Churned
C0614,9,Churned
C0614,10,Churned
C0614,11,Churned
C0614,12,Churned
C0615,1,Active
C0615,2,Active
C0615,3,At_Risk
C0615,4,Active
C0615,5,Active
C0615,6,Active
C0615,7,Churned
C0615,8,Churned
C0615,9,Churned
C0615,10,Churned
C0615,11,Churned
C0615,12,Churned
C0616,1,Active
C0616,2,Active
C0616,3,Active
C0616,4,Active
C0616,5,Active
C0616,6,Active
C0616,7,Active
C0616,8,Active
C0616,9,At_Risk
C0616,10,At_Risk
C0616,11,At_Risk
C0616,12,At_Risk
C0617,1,Active
C0617,2,Active
C0617,3,Active
C0617,4,At_Risk
C0617,5,At_Risk
C0617,6,Active
C0617,7,Active
C0617,8,Active
C0617,9,Active
C0617,10,Active
C0617,11,Active
C0617,12,Active
C0618,1,Active
C0618,2,Active
C0618,3,Active
C0618,4,Active
C0618,5,Active
C0618,6,Churned
C0618,7,Churned
C0618,8,Churned
C0618,9,Churned
C0618,10,Churned
C0618,11,Churned
C0618,12,Churned
C0619,1,Active
C0619,2,Active
C0619,3,Active
C0619,4,Active
C0619,5,Churned
C0619,6,Churned
C0619,7,Churned
C0619,8,Churned
C0619,9,Churned
C0619,10,Churned
C0619,11,Churned
C0619,12,Churned
C0620,1,Active
C0620,2,Active
C0620,3,Active
C0620,4,Active
C0620,5,Active
C0620,6,Active
C0620,7,Active
C0620,8,Active
C0620,9,At_Risk
C0620,10,At_Risk
C0620,11,Churned
C0620,12,Churned
C0621,1,Active
C0621,2,Active
C0621,3,At_Risk
C0621,4,At_Risk
C0621,5,Active
C0621,6,Active
C0621,7,At_Risk
C0621,8,At_Risk
C0621,9,At_Risk
C0621,10,Churned
C0621,11,Churned
C0621,12,Churned
C0622,1,Active
C0622,2,Active
C0622,3,Active
C0622,4,Active
C0622,5,Active
C0622,6,Active
C0622,7,Active
C0622,8,Active
C0622,9,Churned
C0622,10,Churned
C0622,11,Churned
C0622,12,Churned
C0623,1,Active
C0623,2,Churned
C0623,3,Churned
C0623,4,Churned
C0623,5,Churned
C0623,6,Churned
C0623,7,Churned
C0623,8,Churned
C0623,9,Churned
C0623,10,Churned
C0623,11,Churned
C0623,12,Churned
C0624,1,Active
C0624,2,Active
C0624,3,Active
C0624,4,Active
C0624,5,Active
C0624,6,Active
C0624,7,Active
C0624,8,Active
C0624,9,Active
C0624,10,Active
C0624,11,Active
C0624,12,Active
C0625,1,Active
C0625,2,Churned
C0625,3,Churned
C0625,4,Churned
C0625,5,Churned
C0625,6,Churned
C0625,7,Churned
C0625,8,Churned
C0625,9,Churned
C0625,10,Churned
C0625,11,Churned
C0625,12,Churned
C0626,1,Active
C0626,2,Active
C0626,3,Active
C0626,4,Active
C0626,5,At_Risk
C0626,6,At_Risk
C0626,7,Churned
C0626,8,Churned
C0626,9,Churned
C0626,10,Churned
C0626,11,Churned
C0626,12,Churned
C0627,1,Active
C0627,2,Active
C0627,3,Active
C0627,4,Active
C0627,5,Active
C0627,6,Churned
C0627,7,Churned
C0627,8,Churned
C0627,9,Churned
C0627,10,Churned
C0627,11,Churned
C0627,12,Churned
C0628,1,Active
C0628,2,Active
C0628,3,Active
C0628,4,At_Risk
C0628,5,Active
C0628,6,At_Risk
C0628,7,At_Risk
C0628,8,Active
C0628,9,At_Risk
C0628,10,Active
C0628,11,Active
C0628,12,Active
C0629,1,Active
C0629,2,Active
C0629,3,At_Risk
C0629,4,At_Risk
C0629,5,At_Risk
C0629,6,Churned
C0629,7,Churned
C0629,8,Churned
C0629,9,Churned
C0629,10,Churned
C0629,11,Churned
C0629,12,Churned
C0630,1,Active
C0630,2,At_Risk
C0630,3,At_Risk
C0630,4,At_Risk
C0630,5,Active
C0630,6,Active
C0630,7,Active
C0630,8,Active
C0630,9,Active
C0630,10,Active
C0630,11,At_Risk
C0630,12,At_Risk
C0631,1,Active
C0631,2,At_Risk
C0631,3,At_Risk
C0631,4,At_Risk
C0631,5,Churned
C0631,6,Churned
C0631,7,Churned
C0631,8,Churned
C0631,9,Churned
C0631,10,Churned
C0631,11,Churned
C0631,12,Churned
C0632,1,Active
C0632,2,At_Risk
C0632,3,Churned
C0632,4,Churned
C0632,5,Churned
C0632,6,Churned
C0632,7,Churned
C0632,8,Churned
C0632,9,Churned
C0632,10,Churned
C0632,11,Churned
C0632,12,Churned
C0633,1,Active
C0633,2,Active
C0633,3,Active
C0633,4,Active
C0633,5,Active
C0633,6,Active
C0633,7,At_Risk
C0633,8,Active
C0633,9,Active
C0633,10,Active
C0633,11,Active
C0633,12,Churned
C0634,1,Active
C0634,2,Active
C0634,3,Active
C0634,4,Active
C0634,5,Active
C0634,6,Active
C0634,7,Active
C0634,8,Active
C0634,9,At_Risk
C0634,10,Active
C0634,11,At_Risk
C0634,12,At_Risk
C0635,1,Active
C0635,2,Active
C0635,3,Active
C0635,4,Churned
C0635,5,Churned
C0635,6,Churned
C0635,7,Churned
C0635,8,Churned
C0635,9,Churned
C0635,10,Churned
C0635,11,Churned
C0635,12,Churned
C0636,1,Active
C0636,2,Active
C0636,3,Active
C0636,4,Active
C0636,5,Active
C0636,6,Active
C0636,7,Active
C0636,8,Active
C0636,9,Active
C0636,10,Active
C0636,11,Active
C0636,12,Active
C0637,1,Active
C0637,2,Active
C0637,3,Active
C0637,4,Active
C0637,5,Active
C0637,6,At_Risk
C0637,7,Active
C0637,8,Active
C0637,9,At_Risk
C0637,10,Churned
C0637,11,Churned
C0637,12,Churned
C0638,1,Active
C0638,2,Active
C0638,3,Active
C0638,4,Active
C0638,5,At_Risk
C0638,6,Active
C0638,7,Active
C0638,8,Active
C0638,9,Active
C0638,10,Active
C0638,11,Active
C0638,12,Active
C0639,1,Active
C0639,2,Active
C0639,3,Active
C0639,4,Active
C0639,5,Active
C0639,6,At_Risk
C0639,7,At_Risk
C0639,8,At_Risk
C0639,9,At_Risk
C0639,10,At_Risk
C0639,11,At_Risk
C0639,12,At_Risk
C0640,1,Active
C0640,2,At_Risk
C0640,3,At_Risk
C0640,4,At_Risk
C0640,5,At_Risk
C0640,6,Active
C0640,7,Active
C0640,8,Active
C0640,9,Active
C0640,10,Active
C0640,11,At_Risk
C0640,12,At_Risk
C0641,1,Active
C0641,2,Active
C0641,3,Active
C0641,4,Active
C0641,5,Active
C0641,6,Active
C0641,7,Active
C0641,8,At_Risk
C0641,9,Active
C0641,10,Active
C0641,11,Active
C0641,12,Active
C0642,1,Active
C0642,2,At_Risk
C0642,3,At_Risk
C0642,4,Churned
C0642,5,Churned
C0642,6,Churned
C0642,7,Churned
C0642,8,Churned
C0642,9,Churned
C0642,10,Churned
C0642,11,Churned
C0642,12,Churned
C0643,1,Active
C0643,2,Active
C0643,3,Active
C0643,4,Active
C0643,5,Active
C0643,6,At_Risk
C0643,7,Active
C0643,8,Active
C0643,9,Active
C0643,10,Active
C0643,11,Active
C0643,12,Active
C0644,1,Active
C0644,2,Active
C0644,3,At_Risk
C0644,4,At_Risk
C0644,5,At_Risk
C0644,6,At_Risk
C0644,7,At_Risk
C0644,8,At_Risk
C0644,9,At_Risk
C0644,10,At_Risk
C0644,11,Active
C0644,12,Active
C0645,1,Active
C0645,2,Active
C0645,3,Active
C0645,4,Active
C0645,5,Active
C0645,6,Churned
C0645,7,Churned
C0645,8,Churned
C0645,9,Churned
C0645,10,Churned
C0645,11,Churned
C0645,12,Churned
C0646,1,Active
C0646,2,At_Risk
C0646,3,At_Risk
C0646,4,Churned
C0646,5,Churned
C0646,6,Churned
C0646,7,Churned
C0646,8,Churned
C0646,9,Churned
C0646,10,Churned
C0646,11,Churned
C0646,12,Churned
C0647,1,Active
C0647,2,Active
C0647,3,Active
C0647,4,Active
C0647,5,At_Risk
C0647,6,Churned
C0647,7,Churned
C0647,8,Churned
C0647,9,Churned
C0647,10,Churned
C0647,11,Churned
C0647,12,Churned
C0648,1,Active
C0648,2,Active
C0648,3,Active
C0648,4,Active
C0648,5,Active
C0648,6,Active
C0648,7,Active
C0648,8,Active
C0648,9,Active
C0648,10,Active
C0648,11,Active
C0648,12,Active
C0649,1,Active
C0649,2,Active
C0649,3,Active
C0649,4,At_Risk
C0649,5,Active
C0649,6,Active
C0649,7,At_Risk
C0649,8,Active
C0649,9,Churned
C0649,10,Churned
C0649,11,Churned
C0649,12,Churned
C0650,1,Active
C0650,2,Active
C0650,3,Active
C0650,4,Active
C0650,5,At_Risk
C0650,6,At_Risk
C0650,7,At_Risk
C0650,8,At_Risk
C0650,9,At_Risk
C0650,10,Churned
C0650,11,Churned
C0650,12,Churned
C0651,1,Active
C0651,2,Active
C0651,3,Active
C0651,4,At_Risk
C0651,5,At_Risk
C0651,6,Active
C0651,7,Active
C0651,8,Active
C0651,9,Active
C0651,10,Active
C0651,11,At_Risk
C0651,12,Active
C0652,1,Active
C0652,2,At_Risk
C0652,3,Churned
C0652,4,Churned
C0652,5,Churned
C0652,6,Churned
C0652,7,Churned
C0652,8,Churned
C0652,9,Churned
C0652,10,Churned
C0652,11,Churned
C0652,12,Churned
C0653,1,Active
C0653,2,Active
C0653,3,Active
C0653,4,Active
C0653,5,Active
C0653,6,Active
C0653,7,Active
C0653,8,Active
C0653,9,At_Risk
C0653,10,Churned
C0653,11,Churned
C0653,12,Churned
C0654,1,Active
C0654,2,Active
C0654,3,Active
C0654,4,Active
C0654,5,Active
C0654,6,Active
C0654,7,Active
C0654,8,Active
C0654,9,Active
C0654,10,Active
C0654,11,Active
C0654,12,Active
C0655,1,Active
C0655,2,At_Risk
C0655,3,Churned
C0655,4,Churned
C0655,5,Churned
C0655,6,Churned
C0655,7,Churned
C0655,8,Churned
C0655,9,Churned
C0655,10,Churned
C0655,11,Churned
C0655,12,Churned
C0656,1,Active
C0656,2,Active
C0656,3,Churned
C0656,4,Churned
C0656,5,Churned
C0656,6,Churned
C0656,7,Churned
C0656,8,Churned
C0656,9,Churned
C0656,10,Churned
C0656,11,Churned
C0656,12,Churned
C0657,1,Active
C0657,2,At_Risk
C0657,3,Active
C0657,4,Active
C0657,5,Active
C0657,6,Active
C0657,7,Active
C0657,8,Active
C0657,9,Active
C0657,10,At_Risk
C0657,11,Active
C0657,12,Active
C0658,1,Active
C0658,2,Active
C0658,3,Active
C0658,4,Active
C0658,5,Active
C0658,6,Active
C0658,7,Churned
C0658,8,Churned
C0658,9,Churned
C0658,10,Churned
C0658,11,Churned
C0658,12,Churned
C0659,1,Active
C0659,2,Active
C0659,3,Active
C0659,4,Active
C0659,5,Churned
C0659,6,Churned
C0659,7,Churned
C0659,8,Churned
C0659,9,Churned
C0659,10,Churned
C0659,11,Churned
C0659,12,Churned
C0660,1,Active
C0660,2,Active
C0660,3,Active
C0660,4,Active
C0660,5,Active
C0660,6,Active
C0660,7,Active
C0660,8,Active
C0660,9,At_Risk
C0660,10,Churned
C0660,11,Churned
C0660,12,Churned
C0661,1,Active
C0661,2,Active
C0661,3,Active
C0661,4,Active
C0661,5,Churned
C0661,6,Churned
C0661,7,Churned
C0661,8,Churned
C0661,9,Churned
C0661,10,Churned
C0661,11,Churned
C0661,12,Churned
C0662,1,Active
C0662,2,At_Risk
C0662,3,Churned
C0662,4,Churned
C0662,5,Churned
C0662,6,Churned
C0662,7,Churned
C0662,8,Churned
C0662,9,Churned
C0662,10,Churned
C0662,11,Churned
C0662,12,Churned
C0663,1,Active
C0663,2,Active
C0663,3,Churned
C0663,4,Churned
C0663,5,Churned
C0663,6,Churned
C0663,7,Churned
C0663,8,Churned
C0663,9,Churned
C0663,10,Churned
C0663,11,Churned
C0663,12,Churned
C0664,1,Active
C0664,2,Active
C0664,3,Active
C0664,4,At_Risk
C0664,5,Churned
C0664,6,Churned
C0664,7,Churned
C0664,8,Churned
C0664,9,Churned
C0664,10,Churned
C0664,11,Churned
C0664,12,Churned
C0665,1,Active
C0665,2,Active
C0665,3,Active
C0665,4,Active
C0665,5,Active
C0665,6,Active
C0665,7,Active
C0665,8,Active
C0665,9,Active
C0665,10,Active
C0665,11,At_Risk
C0665,12,Active
C0666,1,Active
C0666,2,Active
C0666,3,At_Risk
C0666,4,At_Risk
C0666,5,At_Risk
C0666,6,Churned
C0666,7,Churned
C0666,8,Churned
C0666,9,Churned
C0666,10,Churned
C0666,11,Churned
C0666,12,Churned
C0667,1,Active
C0667,2,At_Risk
C0667,3,Churned
C0667,4,Churned
C0667,5,Churned
C0667,6,Churned
C0667,7,Churned
C0667,8,Churned
C0667,9,Churned
C0667,10,Churned
C0667,11,Churned
C0667,12,Churned
C0668,1,Active
C0668,2,Churned
C0668,3,Churned
C0668,4,Churned
C0668,5,Churned
C0668,6,Churned
C0668,7,Churned
C0668,8,Churned
C0668,9,Churned
C0668,10,Churned
C0668,11,Churned
C0668,12,Churned
C0669,1,Active
C0669,2,Active
C0669,3,Active
C0669,4,Active
C0669,5,Active
C0669,6,Active
C0669,7,Active
C0669,8,Active
C0669,9,Active
C0669,10,Active
C0669,11,At_Risk
C0669,12,At_Risk
C0670,1,Active
C0670,2,Active
C0670,3,At_Risk
C0670,4,At_Risk
C0670,5,At_Risk
C0670,6,Active
C0670,7,At_Risk
C0670,8,At_Risk
C0670,9,At_Risk
C0670,10,Active
C0670,11,Active
C0670,12,At_Risk
C0671,1,Active
C0671,2,Active
C0671,3,Active
C0671,4,Active
C0671,5,Churned
C0671,6,Churned
C0671,7,Churned
C0671,8,Churned
C0671,9,Churned
C0671,10,Churned
C0671,11,Churned
C0671,12,Churned
C0672,1,Active
C0672,2,Active
C0672,3,Active
C0672,4,Churned
C0672,5,Churned
C0672,6,Churned
C0672,7,Churned
C0672,8,Churned
C0672,9,Churned
C0672,10,Churned
C0672,11,Churned
C0672,12,Churned
C0673,1,Active
C0673,2,Churned
C0673,3,Churned
C0673,4,Churned
C0673,5,Churned
C0673,6,Churned
C0673,7,Churned
C0673,8,Churned
C0673,9,Churned
C0673,10,Churned
C0673,11,Churned
C0673,12,Churned
C0674,1,Active
C0674,2,Active
C0674,3,Churned
C0674,4,Churned
C0674,5,Churned
C0674,6,Churned
C0674,7,Churned
C0674,8,Churned
C0674,9,Churned
C0674,10,Churned
C0674,11,Churned
C0674,12,Churned
C0675,1,Active
C0675,2,Active
C0675,3,At_Risk
C0675,4,Churned
C0675,5,Churned
C0675,6,Churned
C0675,7,Churned
C0675,8,Churned
C0675,9,Churned
C0675,10,Churned
C0675,11,Churned
C0675,12,Churned
C0676,1,Active
C0676,2,Active
C0676,3,Active
C0676,4,At_Risk
C0676,5,Active
C0676,6,Active
C0676,7,Active
C0676,8,Active
C0676,9,Active
C0676,10,Active
C0676,11,Active
C0676,12,Active
C0677,1,Active
C0677,2,At_Risk
C0677,3,Active
C0677,4,Active
C0677,5,Active
C0677,6,Active
C0677,7,Active
C0677,8,Active
C0677,9,At_Risk
C0677,10,At_Risk
C0677,11,Active
C0677,12,Active
C0678,1,Active
C0678,2,Active
C0678,3,Active
C0678,4,Active
C0678,5,At_Risk
C0678,6,At_Risk
C0678,7,Churned
C0678,8,Churned
C0678,9,Churned
C0678,10,Churned
C0678,11,Churned
C0678,12,Churned
C0679,1,Active
C0679,2,Active
C0679,3,Active
C0679,4,Active
C0679,5,Active
C0679,6,Active
C0679,7,Active
C0679,8,Churned
C0679,9,Churned
C0679,10,Churned
C0679,11,Churned
C0679,12,Churned
C0680,1,Active
C0680,2,Active
C0680,3,Active
C0680,4,Active
C0680,5,Active
C0680,6,Churned
C0680,7,Churned
C0680,8,Churned
C0680,9,Churned
C0680,10,Churned
C0680,11,Churned
C0680,12,Churned
C0681,1,Active
C0681,2,Active
C0681,3,Active
C0681,4,Active
C0681,5,Active
C0681,6,Active
C0681,7,Active
C0681,8,Active
C0681,9,Active
C0681,10,Active
C0681,11,Active
C0681,12,Churned
C0682,1,Active
C0682,2,Active
C0682,3,Active
C0682,4,Active
C0682,5,Active
C0682,6,Active
C0682,7,At_Risk
C0682,8,Active
C0682,9,Active
C0682,10,At_Risk
C0682,11,At_Risk
C0682,12,At_Risk
C0683,1,Active
C0683,2,Active
C0683,3,Active
C0683,4,Active
C0683,5,Active
C0683,6,Active
C0683,7,Active
C0683,8,Active
C0683,9,Active
C0683,10,Active
C0683,11,Active
C0683,12,Active
C0684,1,Active
C0684,2,Active
C0684,3,Active
C0684,4,Active
C0684,5,Active
C0684,6,Active
C0684,7,At_Risk
C0684,8,At_Risk
C0684,9,Active
C0684,10,Churned
C0684,11,Churned
C0684,12,Churned
C0685,1,Active
C0685,2,Active
C0685,3,Active
C0685,4,Active
C0685,5,At_Risk
C0685,6,Churned
C0685,7,Churned
C0685,8,Churned
C0685,9,Churned
C0685,10,Churned
C0685,11,Churned
C0685,12,Churned
C0686,1,Active
C0686,2,Active
C0686,3,Active
C0686,4,Active
C0686,5,Active
C0686,6,At_Risk
C0686,7,At_Risk
C0686,8,At_Risk
C0686,9,Active
C0686,10,Active
C0686,11,Active
C0686,12,Active
C0687,1,Active
C0687,2,Active
C0687,3,Active
C0687,4,Active
C0687,5,At_Risk
C0687,6,Churned
C0687,7,Churned
C0687,8,Churned
C0687,9,Churned
C0687,10,Churned
C0687,11,Churned
C0687,12,Churned
C0688,1,Active
C0688,2,Churned
C0688,3,Churned
C0688,4,Churned
C0688,5,Churned
C0688,6,Churned
C0688,7,Churned
C0688,8,Churned
C0688,9,Churned
C0688,10,Churned
C0688,11,Churned
C0688,12,Churned
C0689,1,Active
C0689,2,Active
C0689,3,At_Risk
C0689,4,At_Risk
C0689,5,Churned
C0689,6,Churned
C0689,7,Churned
C0689,8,Churned
C0689,9,Churned
C0689,10,Churned
C0689,11,Churned
C0689,12,Churned
C0690,1,Active
C0690,2,Active
C0690,3,Active
C0690,4,At_Risk
C0690,5,At_Risk
C0690,6,At_Risk
C0690,7,At_Risk
C0690,8,At_Risk
C0690,9,At_Risk
C0690,10,Active
C0690,11,Active
C0690,12,Active
C0691,1,Active
C0691,2,Active
C0691,3,Active
C0691,4,At_Risk
C0691,5,Active
C0691,6,Active
C0691,7,Active
C0691,8,Active
C0691,9,Active
C0691,10,Active
C0691,11,Active
C0691,12,Active
C0692,1,Active
C0692,2,At_Risk
C0692,3,At_Risk
C0692,4,Churned
C0692,5,Churned
C0692,6,Churned
C0692,7,Churned
C0692,8,Churned
C0692,9,Churned
C0692,10,Churned
C0692,11,Churned
C0692,12,Churned
C0693,1,Active
C0693,2,Active
C0693,3,Active
C0693,4,At_Risk
C0693,5,Active
C0693,6,Active
C0693,7,At_Risk
C0693,8,Active
C0693,9,Active
C0693,10,At_Risk
C0693,11,Active
C0693,12,At_Risk
C0694,1,Active
C0694,2,Active
C0694,3,Active
C0694,4,Churned
C0694,5,Churned
C0694,6,Churned
C0694,7,Churned
C0694,8,Churned
C0694,9,Churned
C0694,10,Churned
C0694,11,Churned
C0694,12,Churned
C0695,1,Active
C0695,2,At_Risk
C0695,3,At_Risk
C0695,4,At_Risk
C0695,5,Churned
C0695,6,Churned
C0695,7,Churned
C0695,8,Churned
C0695,9,Churned
C0695,10,Churned
C0695,11,Churned
C0695,12,Churned
C0696,1,Active
C0696,2,Active
C0696,3,Active
C0696,4,Active
C0696,5,Active
C0696,6,Active
C0696,7,Active
C0696,8,Active
C0696,9,Active
C0696,10,Active
C0696,11,Active
C0696,12,At_Risk
C0697,1,Active
C0697,2,Active
C0697,3,Active
C0697,4,Active
C0697,5,Active
C0697,6,Churned
C0697,7,Churned
C0697,8,Churned
C0697,9,Churned
C0697,10,Churned
C0697,11,Churned
C0697,12,Churned
C0698,1,Active
C0698,2,Active
C0698,3,Active
C0698,4,Active
C0698,5,Active
C0698,6,Active
C0698,7,Active
C0698,8,Active
C0698,9,Active
C0698,10,Active
C0698,11,Churned
C0698,12,Churned
C0699,1,Active
C0699,2,Active
C0699,3,Active
C0699,4,Active
C0699,5,Active
C0699,6,Active
C0699,7,Active
C0699,8,Churned
C0699,9,Churned
C0699,10,Churned
C0699,11,Churned
C0699,12,Churned
C0700,1,Active
C0700,2,Active
C0700,3,Active
C0700,4,Active
C0700,5,Active
C0700,6,Active
C0700,7,Active
C0700,8,Active
C0700,9,Churned
C0700,10,Churned
C0700,11,Churned
C0700,12,Churned
C0701,1,Active
C0701,2,Active
C0701,3,Active
C0701,4,Churned
C0701,5,Churned
C0701,6,Churned
C0701,7,Churned
C0701,8,Churned
C0701,9,Churned
C0701,10,Churned
C0701,11,Churned
C0701,12,Churned
C0702,1,Active
C0702,2,Active
C0702,3,Active
C0702,4,Active
C0702,5,Active
C0702,6,Active
C0702,7,Active
C0702,8,Active
C0702,9,Active
C0702,10,Active
C0702,11,Active
C0702,12,Active
C0703,1,Active
C0703,2,Active
C0703,3,At_Risk
C0703,4,Churned
C0703,5,Churned
C0703,6,Churned
C0703,7,Churned
C0703,8,Churned
C0703,9,Churned
C0703,10,Churned
C0703,11,Churned
C0703,12,Churned
C0704,1,Active
C0704,2,At_Risk
C0704,3,Active
C0704,4,Active
C0704,5,Active
C0704,6,Active
C0704,7,Active
C0704,8,Active
C0704,9,Active
C0704,10,Active
C0704,11,Active
C0704,12,Active
C0705,1,Active
C0705,2,Active
C0705,3,Active
C0705,4,Active
C0705,5,Active
C0705,6,At_Risk
C0705,7,At_Risk
C0705,8,Churned
C0705,9,Churned
C0705,10,Churned
C0705,11,Churned
C0705,12,Churned
C0706,1,Active
C0706,2,Active
C0706,3,Active
C0706,4,Active
C0706,5,Active
C0706,6,Active
C0706,7,Active
C0706,8,Active
C0706,9,Active
C0706,10,Active
C0706,11,Active
C0706,12,At_Risk
C0707,1,Active
C0707,2,Active
C0707,3,Active
C0707,4,Active
C0707,5,Active
C0707,6,Active
C0707,7,Active
C0707,8,Active
C0707,9,Active
C0707,10,Active
C0707,11,Active
C0707,12,Active
C0708,1,Active
C0708,2,Active
C0708,3,Active
C0708,4,Active
C0708,5,Active
C0708,6,Active
C0708,7,Active
C0708,8,At_Risk
C0708,9,At_Risk
C0708,10,Active
C0708,11,Active
C0708,12,Active
C0709,1,Active
C0709,2,Active
C0709,3,At_Risk
C0709,4,Active
C0709,5,At_Risk
C0709,6,At_Risk
C0709,7,At_Risk
C0709,8,At_Risk
C0709,9,Churned
C0709,10,Churned
C0709,11,Churned
C0709,12,Churned
C0710,1,Active
C0710,2,Active
C0710,3,At_Risk
C0710,4,Churned
C0710,5,Churned
C0710,6,Churned
C0710,7,Churned
C0710,8,Churned
C0710,9,Churned
C0710,10,Churned
C0710,11,Churned
C0710,12,Churned
C0711,1,Active
C0711,2,Churned
C0711,3,Churned
C0711,4,Churned
C0711,5,Churned
C0711,6,Churned
C0711,7,Churned
C0711,8,Churned
C0711,9,Churned
C0711,10,Churned
C0711,11,Churned
C0711,12,Churned
C0712,1,Active
C0712,2,Active
C0712,3,Active
C0712,4,Active
C0712,5,Active
C0712,6,Active
C0712,7,At_Risk
C0712,8,Active
C0712,9,Active
C0712,10,Active
C0712,11,Churned
C0712,12,Churned
C0713,1,Active
C0713,2,At_Risk
C0713,3,Churned
C0713,4,Churned
C0713,5,Churned
C0713,6,Churned
C0713,7,Churned
C0713,8,Churned
C0713,9,Churned
C0713,10,Churned
C0713,11,Churned
C0713,12,Churned
C0714,1,Active
C0714,2,At_Risk
C0714,3,At_Risk
C0714,4,At_Risk
C0714,5,Churned
C0714,6,Churned
C0714,7,Churned
C0714,8,Churned
C0714,9,Churned
C0714,10,Churned
C0714,11,Churned
C0714,12,Churned
C0715,1,Active
C0715,2,Active
C0715,3,Active
C0715,4,Active
C0715,5,Active
C0715,6,Active
C0715,7,Active
C0715,8,At_Risk
C0715,9,At_Risk
C0715,10,At_Risk
C0715,11,Active
C0715,12,Active
C0716,1,Active
C0716,2,Active
C0716,3,Active
C0716,4,Active
C0716,5,Active
C0716,6,Churned
C0716,7,Churned
C0716,8,Churned
C0716,9,Churned
C0716,10,Churned
C0716,11,Churned
C0716,12,Churned
C0717,1,Active
C0717,2,Active
C0717,3,Active
C0717,4,Active
C0717,5,At_Risk
C0717,6,Active
C0717,7,Active
C0717,8,At_Risk
C0717,9,Active
C0717,10,Active
C0717,11,Churned
C0717,12,Churned
C0718,1,Active
C0718,2,Active
C0718,3,Active
C0718,4,Active
C0718,5,Active
C0718,6,Active
C0718,7,At_Risk
C0718,8,Active
C0718,9,Active
C0718,10,Active
C0718,11,Active
C0718,12,Active
C0719,1,Active
C0719,2,Active
C0719,3,Active
C0719,4,Active
C0719,5,At_Risk
C0719,6,Active
C0719,7,Active
C0719,8,At_Risk
C0719,9,At_Risk
C0719,10,Churned
C0719,11,Churned
C0719,12,Churned
C0720,1,Active
C0720,2,Churned
C0720,3,Churned
C0720,4,Churned
C0720,5,Churned
C0720,6,Churned
C0720,7,Churned
C0720,8,Churned
C0720,9,Churned
C0720,10,Churned
C0720,11,Churned
C0720,12,Churned
C0721,1,Active
C0721,2,Active
C0721,3,Active
C0721,4,Active
C0721,5,At_Risk
C0721,6,At_Risk
C0721,7,At_Risk
C0721,8,At_Risk
C0721,9,At_Risk
C0721,10,Churned
C0721,11,Churned
C0721,12,Churned
C0722,1,Active
C0722,2,Active
C0722,3,Active
C0722,4,Active
C0722,5,Active
C0722,6,Active
C0722,7,Active
C0722,8,Active
C0722,9,Churned
C0722,10,Churned
C0722,11,Churned
C0722,12,Churned
C0723,1,Active
C0723,2,Active
C0723,3,Active
C0723,4,Active
C0723,5,Active
C0723,6,Active
C0723,7,Active
C0723,8,At_Risk
C0723,9,Churned
C0723,10,Churned
C0723,11,Churned
C0723,12,Churned
C0724,1,Active
C0724,2,Churned
C0724,3,Churned
C0724,4,Churned
C0724,5,Churned
C0724,6,Churned
C0724,7,Churned
C0724,8,Churned
C0724,9,Churned
C0724,10,Churned
C0724,11,Churned
C0724,12,Churned
C0725,1,Active
C0725,2,Active
C0725,3,Active
C0725,4,Active
C0725,5,Active
C0725,6,Active
C0725,7,Active
C0725,8,At_Risk
C0725,9,Churned
C0725,10,Churned
C0725,11,Churned
C0725,12,Churned
C0726,1,Active
C0726,2,Active
C0726,3,Active
C0726,4,Active
C0726,5,Active
C0726,6,At_Risk
C0726,7,At_Risk
C0726,8,Active
C0726,9,Churned
C0726,10,Churned
C0726,11,Churned
C0726,12,Churned
C0727,1,Active
C0727,2,Active
C0727,3,Active
C0727,4,Active
C0727,5,Active
C0727,6,Active
C0727,7,Active
C0727,8,Active
C0727,9,Active
C0727,10,Active
C0727,11,Active
C0727,12,At_Risk
C0728,1,Active
C0728,2,Active
C0728,3,Active
C0728,4,Active
C0728,5,Active
C0728,6,Active
C0728,7,Active
C0728,8,Active
C0728,9,Active
C0728,10,Active
C0728,11,Active
C0728,12,Active
C0729,1,Active
C0729,2,Active
C0729,3,Active
C0729,4,Active
C0729,5,At_Risk
C0729,6,Churned
C0729,7,Churned
C0729,8,Churned
C0729,9,Churned
C0729,10,Churned
C0729,11,Churned
C0729,12,Churned
C0730,1,Active
C0730,2,Active
C0730,3,Active
C0730,4,At_Risk
C0730,5,Churned
C0730,6,Churned
C0730,7,Churned
C0730,8,Churned
C0730,9,Churned
C0730,10,Churned
C0730,11,Churned
C0730,12,Churned
C0731,1,Active
C0731,2,Active
C0731,3,Active
C0731,4,Active
C0731,5,Active
C0731,6,Active
C0731,7,At_Risk
C0731,8,Active
C0731,9,Active
C0731,10,Active
C0731,11,Active
C0731,12,At_Risk
C0732,1,Active
C0732,2,Active
C0732,3,Active
C0732,4,At_Risk
C0732,5,Churned
C0732,6,Churned
C0732,7,Churned
C0732,8,Churned
C0732,9,Churned
C0732,10,Churned
C0732,11,Churned
C0732,12,Churned
C0733,1,Active
C0733,2,Active
C0733,3,Active
C0733,4,Active
C0733,5,Active
C0733,6,Active
C0733,7,At_Risk
C0733,8,Active
C0733,9,Active
C0733,10,Active
C0733,11,Active
C0733,12,Active
C0734,1,Active
C0734,2,Active
C0734,3,At_Risk
C0734,4,Active
C0734,5,Active
C0734,6,Active
C0734,7,Active
C0734,8,Active
C0734,9,Active
C0734,10,Active
C0734,11,Active
C0734,12,At_Risk
C0735,1,Active
C0735,2,Active
C0735,3,Active
C0735,4,Active
C0735,5,At_Risk
C0735,6,Churned
C0735,7,Churned
C0735,8,Churned
C0735,9,Churned
C0735,10,Churned
C0735,11,Churned
C0735,12,Churned
C0736,1,Active
C0736,2,Active
C0736,3,Active
C0736,4,Active
C0736,5,Active
C0736,6,Active
C0736,7,Churned
C0736,8,Churned
C0736,9,Churned
C0736,10,Churned
C0736,11,Churned
C0736,12,Churned
C0737,1,Active
C0737,2,Active
C0737,3,Active
C0737,4,At_Risk
C0737,5,Active
C0737,6,Active
C0737,7,Active
C0737,8,Active
C0737,9,Active
C0737,10,Active
C0737,11,Active
C0737,12,Active
C0738,1,Active
C0738,2,Active
C0738,3,Active
C0738,4,Active
C0738,5,Active
C0738,6,Active
C0738,7,Active
C0738,8,Active
C0738,9,Active
C0738,10,At_Risk
C0738,11,Active
C0738,12,At_Risk
C0739,1,Active
C0739,2,Active
C0739,3,Active
C0739,4,Active
C0739,5,Active
C0739,6,Active
C0739,7,Active
C0739,8,Active
C0739,9,Active
C0739,10,Active
C0739,11,Active
C0739,12,Active
C0740,1,Active
C0740,2,Active
C0740,3,Active
C0740,4,Active
C0740,5,At_Risk
C0740,6,Active
C0740,7,Active
C0740,8,Active
C0740,9,Active
C0740,10,Active
C0740,11,At_Risk
C0740,12,At_Risk
C0741,1,Active
C0741,2,Active
C0741,3,Active
C0741,4,Active
C0741,5,Active
C0741,6,Churned
C0741,7,Churned
C0741,8,Churned
C0741,9,Churned
C0741,10,Churned
C0741,11,Churned
C0741,12,Churned
C0742,1,Active
C0742,2,Active
C0742,3,Active
C0742,4,Active
C0742,5,Active
C0742,6,Active
C0742,7,Active
C0742,8,Active
C0742,9,At_Risk
C0742,10,Churned
C0742,11,Churned
C0742,12,Churned
C0743,1,Active
C0743,2,At_Risk
C0743,3,At_Risk
C0743,4,Churned
C0743,5,Churned
C0743,6,Churned
C0743,7,Churned
C0743,8,Churned
C0743,9,Churned
C0743,10,Churned
C0743,11,Churned
C0743,12,Churned
C0744,1,Active
C0744,2,Active
C0744,3,Active
C0744,4,Active
C0744,5,Active
C0744,6,Active
C0744,7,Active
C0744,8,Active
C0744,9,Active
C0744,10,Churned
C0744,11,Churned
C0744,12,Churned
C0745,1,Active
C0745,2,Active
C0745,3,At_Risk
C0745,4,Churned
C0745,5,Churned
C0745,6,Churned
C0745,7,Churned
C0745,8,Churned
C0745,9,Churned
C0745,10,Churned
C0745,11,Churned
C0745,12,Churned
C0746,1,Active
C0746,2,Active
C0746,3,At_Risk
C0746,4,At_Risk
C0746,5,Churned
C0746,6,Churned
C0746,7,Churned
C0746,8,Churned
C0746,9,Churned
C0746,10,Churned
C0746,11,Churned
C0746,12,Churned
C0747,1,Active
C0747,2,Active
C0747,3,Active
C0747,4,Active
C0747,5,Active
C0747,6,Churned
C0747,7,Churned
C0747,8,Churned
C0747,9,Churned
C0747,10,Churned
C0747,11,Churned
C0747,12,Churned
C0748,1,Active
C0748,2,Active
C0748,3,At_Risk
C0748,4,At_Risk
C0748,5,Churned
C0748,6,Churned
C0748,7,Churned
C0748,8,Churned
C0748,9,Churned
C0748,10,Churned
C0748,11,Churned
C0748,12,Churned
C0749,1,Active
C0749,2,Active
C0749,3,Active
C0749,4,At_Risk
C0749,5,At_Risk
C0749,6,At_Risk
C0749,7,At_Risk
C0749,8,Active
C0749,9,Active
C0749,10,Active
C0749,11,Active
C0749,12,Active
C0750,1,Active
C0750,2,At_Risk
C0750,3,Churned
C0750,4,Churned
C0750,5,Churned
C0750,6,Churned
C0750,7,Churned
C0750,8,Churned
C0750,9,Churned
C0750,10,Churned
C0750,11,Churned
C0750,12,Churned
C0751,1,Active
C0751,2,Active
C0751,3,Churned
C0751,4,Churned
C0751,5,Churned
C0751,6,Churned
C0751,7,Churned
C0751,8,Churned
C0751,9,Churned
C0751,10,Churned
C0751,11,Churned
C0751,12,Churned
C0752,1,Active
C0752,2,Active
C0752,3,Active
C0752,4,Active
C0752,5,Active
C0752,6,Active
C0752,7,Active
C0752,8,Active
C0752,9,Active
C0752,10,Active
C0752,11,At_Risk
C0752,12,Active
C0753,1,Active
C0753,2,Active
C0753,3,Active
C0753,4,Active
C0753,5,Active
C0753,6,Active
C0753,7,Active
C0753,8,At_Risk
C0753,9,At_Risk
C0753,10,At_Risk
C0753,11,At_Risk
C0753,12,At_Risk
C0754,1,Active
C0754,2,Active
C0754,3,Churned
C0754,4,Churned
C0754,5,Churned
C0754,6,Churned
C0754,7,Churned
C0754,8,Churned
C0754,9,Churned
C0754,10,Churned
C0754,11,Churned
C0754,12,Churned
C0755,1,Active
C0755,2,Active
C0755,3,At_Risk
C0755,4,Active
C0755,5,At_Risk
C0755,6,At_Risk
C0755,7,At_Risk
C0755,8,Churned
C0755,9,Churned
C0755,10,Churned
C0755,11,Churned
C0755,12,Churned
C0756,1,Active
C0756,2,Active
C0756,3,Churned
C0756,4,Churned
C0756,5,Churned
C0756,6,Churned
C0756,7,Churned
C0756,8,Churned
C0756,9,Churned
C0756,10,Churned
C0756,11,Churned
C0756,12,Churned
C0757,1,Active
C0757,2,Active
C0757,3,Active
C0757,4,Active
C0757,5,Churned
C0757,6,Churned
C0757,7,Churned
C0757,8,Churned
C0757,9,Churned
C0757,10,Churned
C0757,11,Churned
C0757,12,Churned
C0758,1,Active
C0758,2,At_Risk
C0758,3,Active
C0758,4,Active
C0758,5,Active
C0758,6,Active
C0758,7,At_Risk
C0758,8,Active
C0758,9,Active
C0758,10,Active
C0758,11,Churned
C0758,12,Churned
C0759,1,Active
C0759,2,Active
C0759,3,At_Risk
C0759,4,Churned
C0759,5,Churned
C0759,6,Churned
C0759,7,Churned
C0759,8,Churned
C0759,9,Churned
C0759,10,Churned
C0759,11,Churned
C0759,12,Churned
C0760,1,Active
C0760,2,Active
C0760,3,Active
C0760,4,Active
C0760,5,Active
C0760,6,Active
C0760,7,Active
C0760,8,At_Risk
C0760,9,At_Risk
C0760,10,At_Risk
C0760,11,At_Risk
C0760,12,At_Risk
C0761,1,Active
C0761,2,Active
C0761,3,Active
C0761,4,Churned
C0761,5,Churned
C0761,6,Churned
C0761,7,Churned
C0761,8,Churned
C0761,9,Churned
C0761,10,Churned
C0761,11,Churned
C0761,12,Churned
C0762,1,Active
C0762,2,Active
C0762,3,Active
C0762,4,Churned
C0762,5,Churned
C0762,6,Churned
C0762,7,Churned
C0762,8,Churned
C0762,9,Churned
C0762,10,Churned
C0762,11,Churned
C0762,12,Churned
C0763,1,Active
C0763,2,Active
C0763,3,Active
C0763,4,Active
C0763,5,Active
C0763,6,Active
C0763,7,At_Risk
C0763,8,At_Risk
C0763,9,At_Risk
C0763,10,Active
C0763,11,Active
C0763,12,Active
C0764,1,Active
C0764,2,Active
C0764,3,Active
C0764,4,Active
C0764,5,Churned
C0764,6,Churned
C0764,7,Churned
C0764,8,Churned
C0764,9,Churned
C0764,10,Churned
C0764,11,Churned
C0764,12,Churned
C0765,1,Active
C0765,2,At_Risk
C0765,3,At_Risk
C0765,4,At_Risk
C0765,5,At_Risk
C0765,6,Churned
C0765,7,Churned
C0765,8,Churned
C0765,9,Churned
C0765,10,Churned
C0765,11,Churned
C0765,12,Churned
C0766,1,Active
C0766,2,Active
C0766,3,Active
C0766,4,Active
C0766,5,Active
C0766,6,Active
C0766,7,Active
C0766,8,At_Risk
C0766,9,At_Risk
C0766,10,Active
C0766,11,Active
C0766,12,Active
C0767,1,Active
C0767,2,Active
C0767,3,Active
C0767,4,Active
C0767,5,Active
C0767,6,Active
C0767,7,At_Risk
C0767,8,At_Risk
C0767,9,At_Risk
C0767,10,At_Risk
C0767,11,At_Risk
C0767,12,Active
C0768,1,Active
C0768,2,Active
C0768,3,At_Risk
C0768,4,Active
C0768,5,Active
C0768,6,Active
C0768,7,Active
C0768,8,At_Risk
C0768,9,Active
C0768,10,Active
C0768,11,Active
C0768,12,Active
C0769,1,Active
C0769,2,Active
C0769,3,Active
C0769,4,Active
C0769,5,Active
C0769,6,Active
C0769,7,At_Risk
C0769,8,Active
C0769,9,Active
C0769,10,Active
C0769,11,Active
C0769,12,Active
C0770,1,Active
C0770,2,Active
C0770,3,Active
C0770,4,Active
C0770,5,Active
C0770,6,At_Risk
C0770,7,At_Risk
C0770,8,Active
C0770,9,Active
C0770,10,Churned
C0770,11,Churned
C0770,12,Churned
C0771,1,Active
C0771,2,Active
C0771,3,Active
C0771,4,Churned
C0771,5,Churned
C0771,6,Churned
C0771,7,Churned
C0771,8,Churned
C0771,9,Churned
C0771,10,Churned
C0771,11,Churned
C0771,12,Churned
C0772,1,Active
C0772,2,Active
C0772,3,Churned
C0772,4,Churned
C0772,5,Churned
C0772,6,Churned
C0772,7,Churned
C0772,8,Churned
C0772,9,Churned
C0772,10,Churned
C0772,11,Churned
C0772,12,Churned
C0773,1,Active
C0773,2,Active
C0773,3,Active
C0773,4,Active
C0773,5,Active
C0773,6,Active
C0773,7,Active
C0773,8,Active
C0773,9,Active
C0773,10,Active
C0773,11,Active
C0773,12,Active
C0774,1,Active
C0774,2,At_Risk
C0774,3,At_Risk
C0774,4,Churned
C0774,5,Churned
C0774,6,Churned
C0774,7,Churned
C0774,8,Churned
C0774,9,Churned
C0774,10,Churned
C0774,11,Churned
C0774,12,Churned
C0775,1,Active
C0775,2,Active
C0775,3,Active
C0775,4,Active
C0775,5,Active
C0775,6,Active
C0775,7,Active
C0775,8,Active
C0775,9,At_Risk
C0775,10,At_Risk
C0775,11,Churned
C0775,12,Churned
C0776,1,Active
C0776,2,At_Risk
C0776,3,Active
C0776,4,Active
C0776,5,Active
C0776,6,Active
C0776,7,Active
C0776,8,At_Risk
C0776,9,Churned
C0776,10,Churned
C0776,11,Churned
C0776,12,Churned
C0777,1,Active
C0777,2,Active
C0777,3,Active
C0777,4,At_Risk
C0777,5,At_Risk
C0777,6,Churned
C0777,7,Churned
C0777,8,Churned
C0777,9,Churned
C0777,10,Churned
C0777,11,Churned
C0777,12,Churned
C0778,1,Active
C0778,2,Active
C0778,3,At_Risk
C0778,4,At_Risk
C0778,5,Active
C0778,6,Active
C0778,7,Active
C0778,8,Churned
C0778,9,Churned
C0778,10,Churned
C0778,11,Churned
C0778,12,Churned
C0779,1,Active
C0779,2,Active
C0779,3,Active
C0779,4,Active
C0779,5,At_Risk
C0779,6,Churned
C0779,7,Churned
C0779,8,Churned
C0779,9,Churned
C0779,10,Churned
C0779,11,Churned
C0779,12,Churned
C0780,1,Active
C0780,2,At_Risk
C0780,3,Active
C0780,4,Active
C0780,5,Active
C0780,6,Active
C0780,7,Active
C0780,8,Active
C0780,9,Active
C0780,10,Active
C0780,11,Active
C0780,12,Active
C0781,1,Active
C0781,2,Active
C0781,3,At_Risk
C0781,4,Churned
C0781,5,Churned
C0781,6,Churned
C0781,7,Churned
C0781,8,Churned
C0781,9,Churned
C0781,10,Churned
C0781,11,Churned
C0781,12,Churned
C0782,1,Active
C0782,2,At_Risk
C0782,3,At_Risk
C0782,4,Active
C0782,5,Active
C0782,6,Active
C0782,7,Active
C0782,8,At_Risk
C0782,9,Active
C0782,10,Active
C0782,11,Active
C0782,12,Active
C0783,1,Active
C0783,2,Active
C0783,3,At_Risk
C0783,4,At_Risk
C0783,5,Active
C0783,6,Active
C0783,7,Active
C0783,8,At_Risk
C0783,9,At_Risk
C0783,10,Active
C0783,11,Active
C0783,12,Active
C0784,1,Active
C0784,2,Active
C0784,3,Active
C0784,4,Active
C0784,5,Active
C0784,6,Active
C0784,7,Active
C0784,8,Churned
C0784,9,Churned
C0784,10,Churned
C0784,11,Churned
C0784,12,Churned
C0785,1,Active
C0785,2,Churned
C0785,3,Churned
C0785,4,Churned
C0785,5,Churned
C0785,6,Churned
C0785,7,Churned
C0785,8,Churned
C0785,9,Churned
C0785,10,Churned
C0785,11,Churned
C0785,12,Churned
C0786,1,Active
C0786,2,Active
C0786,3,At_Risk
C0786,4,Active
C0786,5,At_Risk
C0786,6,Churned
C0786,7,Churned
C0786,8,Churned
C0786,9,Churned
C0786,10,Churned
C0786,11,Churned
C0786,12,Churned
C0787,1,Active
C0787,2,At_Risk
C0787,3,Active
C0787,4,Active
C0787,5,Active
C0787,6,Active
C0787,7,Active
C0787,8,At_Risk
C0787,9,At_Risk
C0787,10,At_Risk
C0787,11,At_Risk
C0787,12,At_Risk
C0788,1,Active
C0788,2,Active
C0788,3,Active
C0788,4,At_Risk
C0788,5,Active
C0788,6,Active
C0788,7,Active
C0788,8,At_Risk
C0788,9,At_Risk
C0788,10,At_Risk
C0788,11,Active
C0788,12,Active
C0789,1,Active
C0789,2,Active
C0789,3,Churned
C0789,4,Churned
C0789,5,Churned
C0789,6,Churned
C0789,7,Churned
C0789,8,Churned
C0789,9,Churned
C0789,10,Churned
C0789,11,Churned
C0789,12,Churned
C0790,1,Active
C0790,2,Active
C0790,3,Active
C0790,4,Active
C0790,5,Active
C0790,6,Active
C0790,7,At_Risk
C0790,8,Churned
C0790,9,Churned
C0790,10,Churned
C0790,11,Churned
C0790,12,Churned
C0791,1,Active
C0791,2,Active
C0791,3,Active
C0791,4,Active
C0791,5,Active
C0791,6,Active
C0791,7,Active
C0791,8,Active
C0791,9,Active
C0791,10,Active
C0791,11,Active
C0791,12,Active
C0792,1,Active
C0792,2,Active
C0792,3,Active
C0792,4,Active
C0792,5,Active
C0792,6,Active
C0792,7,Active
C0792,8,At_Risk
C0792,9,Active
C0792,10,At_Risk
C0792,11,Active
C0792,12,Active
C0793,1,Active
C0793,2,Active
C0793,3,Active
C0793,4,Active
C0793,5,Active
C0793,6,Active
C0793,7,Active
C0793,8,Active
C0793,9,Active
C0793,10,Active
C0793,11,At_Risk
C0793,12,At_Risk
C0794,1,Active
C0794,2,Active
C0794,3,Active
C0794,4,Active
C0794,5,Active
C0794,6,Active
C0794,7,Active
C0794,8,At_Risk
C0794,9,Active
C0794,10,Active
C0794,11,Active
C0794,12,Active
C0795,1,Active
C0795,2,Active
C0795,3,Active
C0795,4,Active
C0795,5,Active
C0795,6,Active
C0795,7,Active
C0795,8,Active
C0795,9,Active
C0795,10,Active
C0795,11,Active
C0795,12,Active
C0796,1,Active
C0796,2,Active
C0796,3,Active
C0796,4,Active
C0796,5,Active
C0796,6,Active
C0796,7,Active
C0796,8,Active
C0796,9,Active
C0796,10,Active
C0796,11,Active
C0796,12,Active
C0797,1,Active
C0797,2,Active
C0797,3,Active
C0797,4,Active
C0797,5,Active
C0797,6,At_Risk
C0797,7,At_Risk
C0797,8,Active
C0797,9,Active
C0797,10,Active
C0797,11,Active
C0797,12,At_Risk
C0798,1,Active
C0798,2,Active
C0798,3,Active
C0798,4,Active
C0798,5,Active
C0798,6,Active
C0798,7,Active
C0798,8,Active
C0798,9,Active
C0798,10,Active
C0798,11,Active
C0798,12,Active
C0799,1,Active
C0799,2,Active
C0799,3,At_Risk
C0799,4,Active
C0799,5,Active
C0799,6,Active
C0799,7,Active
C0799,8,Active
C0799,9,Active
C0799,10,At_Risk
C0799,11,At_Risk
C0799,12,At_Risk
C0800,1,Active
C0800,2,Active
C0800,3,Active
C0800,4,At_Risk
C0800,5,At_Risk
C0800,6,At_Risk
C0800,7,Active
C0800,8,Churned
C0800,9,Churned
C0800,10,Churned
C0800,11,Churned
C0800,12,Churned
C0801,1,Active
C0801,2,Active
C0801,3,At_Risk
C0801,4,At_Risk
C0801,5,At_Risk
C0801,6,At_Risk
C0801,7,At_Risk
C0801,8,At_Risk
C0801,9,Active
C0801,10,At_Risk
C0801,11,Churned
C0801,12,Churned
C0802,1,Active
C0802,2,Active
C0802,3,Active
C0802,4,At_Risk
C0802,5,At_Risk
C0802,6,Active
C0802,7,Active
C0802,8,At_Risk
C0802,9,Churned
C0802,10,Churned
C0802,11,Churned
C0802,12,Churned
C0803,1,Active
C0803,2,At_Risk
C0803,3,Churned
C0803,4,Churned
C0803,5,Churned
C0803,6,Churned
C0803,7,Churned
C0803,8,Churned
C0803,9,Churned
C0803,10,Churned
C0803,11,Churned
C0803,12,Churned
C0804,1,Active
C0804,2,Active
C0804,3,Active
C0804,4,Active
C0804,5,Active
C0804,6,At_Risk
C0804,7,At_Risk
C0804,8,Active
C0804,9,Active
C0804,10,Active
C0804,11,Churned
C0804,12,Churned
C0805,1,Active
C0805,2,Active
C0805,3,Active
C0805,4,At_Risk
C0805,5,At_Risk
C0805,6,At_Risk
C0805,7,Churned
C0805,8,Churned
C0805,9,Churned
C0805,10,Churned
C0805,11,Churned
C0805,12,Churned
C0806,1,Active
C0806,2,Active
C0806,3,At_Risk
C0806,4,At_Risk
C0806,5,At_Risk
C0806,6,At_Risk
C0806,7,At_Risk
C0806,8,At_Risk
C0806,9,Churned
C0806,10,Churned
C0806,11,Churned
C0806,12,Churned
C0807,1,Active
C0807,2,Active
C0807,3,Active
C0807,4,Active
C0807,5,At_Risk
C0807,6,Active
C0807,7,Active
C0807,8,Active
C0807,9,Active
C0807,10,Active
C0807,11,Active
C0807,12,At_Risk
C0808,1,Active
C0808,2,Active
C0808,3,Active
C0808,4,Active
C0808,5,Active
C0808,6,Active
C0808,7,Churned
C0808,8,Churned
C0808,9,Churned
C0808,10,Churned
C0808,11,Churned
C0808,12,Churned
C0809,1,Active
C0809,2,Active
C0809,3,Active
C0809,4,Active
C0809,5,At_Risk
C0809,6,At_Risk
C0809,7,At_Risk
C0809,8,Churned
C0809,9,Churned
C0809,10,Churned
C0809,11,Churned
C0809,12,Churned
C0810,1,Active
C0810,2,Churned
C0810,3,Churned
C0810,4,Churned
C0810,5,Churned
C0810,6,Churned
C0810,7,Churned
C0810,8,Churned
C0810,9,Churned
C0810,10,Churned
C0810,11,Churned
C0810,12,Churned
C0811,1,Active
C0811,2,Active
C0811,3,Active
C0811,4,Active
C0811,5,Active
C0811,6,Active
C0811,7,Active
C0811,8,Churned
C0811,9,Churned
C0811,10,Churned
C0811,11,Churned
C0811,12,Churned
C0812,1,Active
C0812,2,Active
C0812,3,Active
C0812,4,Active
C0812,5,Active
C0812,6,Active
C0812,7,Active
C0812,8,Active
C0812,9,Active
C0812,10,Active
C0812,11,Active
C0812,12,Active
C0813,1,Active
C0813,2,Churned
C0813,3,Churned
C0813,4,Churned
C0813,5,Churned
C0813,6,Churned
C0813,7,Churned
C0813,8,Churned
C0813,9,Churned
C0813,10,Churned
C0813,11,Churned
C0813,12,Churned
C0814,1,Active
C0814,2,Active
C0814,3,Active
C0814,4,Active
C0814,5,Active
C0814,6,Active
C0814,7,Active
C0814,8,Active
C0814,9,Active
C0814,10,Active
C0814,11,Active
C0814,12,Active
C0815,1,Active
C0815,2,Active
C0815,3,Active
C0815,4,Active
C0815,5,Active
C0815,6,Active
C0815,7,Active
C0815,8,Active
C0815,9,Active
C0815,10,Active
C0815,11,At_Risk
C0815,12,Active
C0816,1,Active
C0816,2,At_Risk
C0816,3,At_Risk
C0816,4,At_Risk
C0816,5,At_Risk
C0816,6,Active
C0816,7,Active
C0816,8,Active
C0816,9,Active
C0816,10,Churned
C0816,11,Churned
C0816,12,Churned
C0817,1,Active
C0817,2,At_Risk
C0817,3,Active
C0817,4,Active
C0817,5,Active
C0817,6,Active
C0817,7,Active
C0817,8,Active
C0817,9,Churned
C0817,10,Churned
C0817,11,Churned
C0817,12,Churned
C0818,1,Active
C0818,2,Active
C0818,3,Active
C0818,4,Active
C0818,5,Active
C0818,6,At_Risk
C0818,7,Active
C0818,8,Active
C0818,9,Churned
C0818,10,Churned
C0818,11,Churned
C0818,12,Churned
C0819,1,Active
C0819,2,Active
C0819,3,Active
C0819,4,Active
C0819,5,Active
C0819,6,Active
C0819,7,Active
C0819,8,Active
C0819,9,Active
C0819,10,Active
C0819,11,Active
C0819,12,Active
C0820,1,Active
C0820,2,Active
C0820,3,Active
C0820,4,Active
C0820,5,Active
C0820,6,Active
C0820,7,Churned
C0820,8,Churned
C0820,9,Churned
C0820,10,Churned
C0820,11,Churned
C0820,12,Churned
C0821,1,Active
C0821,2,Active
C0821,3,Active
C0821,4,Active
C0821,5,Active
C0821,6,Active
C0821,7,Active
C0821,8,Active
C0821,9,Churned
C0821,10,Churned
C0821,11,Churned
C0821,12,Churned
C0822,1,Active
C0822,2,Active
C0822,3,Active
C0822,4,At_Risk
C0822,5,Active
C0822,6,Active
C0822,7,At_Risk
C0822,8,Active
C0822,9,Active
C0822,10,Active
C0822,11,Active
C0822,12,Active
C0823,1,Active
C0823,2,Active
C0823,3,Active
C0823,4,Active
C0823,5,Active
C0823,6,Active
C0823,7,Active
C0823,8,At_Risk
C0823,9,At_Risk
C0823,10,At_Risk
C0823,11,At_Risk
C0823,12,Active
C0824,1,Active
C0824,2,Active
C0824,3,Active
C0824,4,Active
C0824,5,Active
C0824,6,Active
C0824,7,Active
C0824,8,Active
C0824,9,Active
C0824,10,Active
C0824,11,Active
C0824,12,Active
C0825,1,Active
C0825,2,At_Risk
C0825,3,At_Risk
C0825,4,Active
C0825,5,Active
C0825,6,Active
C0825,7,Active
C0825,8,Active
C0825,9,Active
C0825,10,Active
C0825,11,At_Risk
C0825,12,At_Risk
C0826,1,Active
C0826,2,Active
C0826,3,Active
C0826,4,At_Risk
C0826,5,At_Risk
C0826,6,At_Risk
C0826,7,At_Risk
C0826,8,At_Risk
C0826,9,Churned
C0826,10,Churned
C0826,11,Churned
C0826,12,Churned
C0827,1,Active
C0827,2,Active
C0827,3,At_Risk
C0827,4,At_Risk
C0827,5,Active
C0827,6,Active
C0827,7,Active
C0827,8,Active
C0827,9,Churned
C0827,10,Churned
C0827,11,Churned
C0827,12,Churned
C0828,1,Active
C0828,2,Active
C0828,3,Active
C0828,4,Active
C0828,5,Active
C0828,6,Active
C0828,7,At_Risk
C0828,8,At_Risk
C0828,9,At_Risk
C0828,10,At_Risk
C0828,11,Churned
C0828,12,Churned
C0829,1,Active
C0829,2,At_Risk
C0829,3,At_Risk
C0829,4,At_Risk
C0829,5,Active
C0829,6,Active
C0829,7,Active
C0829,8,Churned
C0829,9,Churned
C0829,10,Churned
C0829,11,Churned
C0829,12,Churned
C0830,1,Active
C0830,2,Active
C0830,3,Active
C0830,4,Active
C0830,5,Active
C0830,6,Active
C0830,7,Active
C0830,8,Active
C0830,9,Active
C0830,10,Active
C0830,11,Active
C0830,12,Active
C0831,1,Active
C0831,2,Active
C0831,3,Active
C0831,4,Active
C0831,5,Active
C0831,6,Active
C0831,7,Active
C0831,8,Active
C0831,9,Active
C0831,10,Active
C0831,11,Active
C0831,12,Active
C0832,1,Active
C0832,2,Active
C0832,3,Active
C0832,4,Active
C0832,5,At_Risk
C0832,6,Active
C0832,7,Active
C0832,8,Active
C0832,9,Active
C0832,10,Active
C0832,11,Active
C0832,12,Active
C0833,1,Active
C0833,2,Active
C0833,3,Active
C0833,4,Active
C0833,5,At_Risk
C0833,6,At_Risk
C0833,7,Active
C0833,8,Active
C0833,9,Active
C0833,10,Active
C0833,11,Active
C0833,12,Active
C0834,1,Active
C0834,2,Active
C0834,3,Active
C0834,4,Active
C0834,5,Active
C0834,6,Active
C0834,7,Churned
C0834,8,Churned
C0834,9,Churned
C0834,10,Churned
C0834,11,Churned
C0834,12,Churned
C0835,1,Active
C0835,2,Active
C0835,3,Active
C0835,4,Active
C0835,5,Active
C0835,6,Active
C0835,7,Active
C0835,8,Active
C0835,9,Active
C0835,10,Active
C0835,11,Active
C0835,12,Active
C0836,1,Active
C0836,2,Active
C0836,3,Active
C0836,4,Active
C0836,5,Active
C0836,6,Active
C0836,7,Active
C0836,8,At_Risk
C0836,9,At_Risk
C0836,10,Churned
C0836,11,Churned
C0836,12,Churned
C0837,1,Active
C0837,2,Active
C0837,3,At_Risk
C0837,4,Churned
C0837,5,Churned
C0837,6,Churned
C0837,7,Churned
C0837,8,Churned
C0837,9,Churned
C0837,10,Churned
C0837,11,Churned
C0837,12,Churned
C0838,1,Active
C0838,2,Churned
C0838,3,Churned
C0838,4,Churned
C0838,5,Churned
C0838,6,Churned
C0838,7,Churned
C0838,8,Churned
C0838,9,Churned
C0838,10,Churned
C0838,11,Churned
C0838,12,Churned
C0839,1,Active
C0839,2,Active
C0839,3,Active
C0839,4,Active
C0839,5,Active
C0839,6,Active
C0839,7,Churned
C0839,8,Churned
C0839,9,Churned
C0839,10,Churned
C0839,11,Churned
C0839,12,Churned
C0840,1,Active
C0840,2,Active
C0840,3,Active
C0840,4,Active
C0840,5,Active
C0840,6,Active
C0840,7,At_Risk
C0840,8,Churned
C0840,9,Churned
C0840,10,Churned
C0840,11,Churned
C0840,12,Churned
C0841,1,Active
C0841,2,Active
C0841,3,Active
C0841,4,At_Risk
C0841,5,Active
C0841,6,Active
C0841,7,Active
C0841,8,Active
C0841,9,Active
C0841,10,Active
C0841,11,Active
C0841,12,Active
C0842,1,Active
C0842,2,Active
C0842,3,Active
C0842,4,Active
C0842,5,Active
C0842,6,Active
C0842,7,Churned
C0842,8,Churned
C0842,9,Churned
C0842,10,Churned
C0842,11,Churned
C0842,12,Churned
C0843,1,Active
C0843,2,Active
C0843,3,Active
C0843,4,At_Risk
C0843,5,Churned
C0843,6,Churned
C0843,7,Churned
C0843,8,Churned
C0843,9,Churned
C0843,10,Churned
C0843,11,Churned
C0843,12,Churned
C0844,1,Active
C0844,2,Active
C0844,3,At_Risk
C0844,4,Active
C0844,5,At_Risk
C0844,6,At_Risk
C0844,7,At_Risk
C0844,8,At_Risk
C0844,9,Active
C0844,10,Active
C0844,11,Active
C0844,12,Active
C0845,1,Active
C0845,2,Active
C0845,3,Churned
C0845,4,Churned
C0845,5,Churned
C0845,6,Churned
C0845,7,Churned
C0845,8,Churned
C0845,9,Churned
C0845,10,Churned
C0845,11,Churned
C0845,12,Churned
C0846,1,Active
C0846,2,At_Risk
C0846,3,Active
C0846,4,Active
C0846,5,Active
C0846,6,Active
C0846,7,Active
C0846,8,Active
C0846,9,Active
C0846,10,Active
C0846,11,Active
C0846,12,Active
C0847,1,Active
C0847,2,Active
C0847,3,Active
C0847,4,Active
C0847,5,Active
C0847,6,Active
C0847,7,Active
C0847,8,Active
C0847,9,Active
C0847,10,At_Risk
C0847,11,At_Risk
C0847,12,At_Risk
C0848,1,Active
C0848,2,Active
C0848,3,Active
C0848,4,At_Risk
C0848,5,At_Risk
C0848,6,Active
C0848,7,Active
C0848,8,Churned
C0848,9,Churned
C0848,10,Churned
C0848,11,Churned
C0848,12,Churned
C0849,1,Active
C0849,2,Active
C0849,3,Active
C0849,4,At_Risk
C0849,5,At_Risk
C0849,6,At_Risk
C0849,7,Active
C0849,8,Active
C0849,9,Active
C0849,10,Active
C0849,11,Active
C0849,12,Active
C0850,1,Active
C0850,2,Churned
C0850,3,Churned
C0850,4,Churned
C0850,5,Churned
C0850,6,Churned
C0850,7,Churned
C0850,8,Churned
C0850,9,Churned
C0850,10,Churned
C0850,11,Churned
C0850,12,Churned
C0851,1,Active
C0851,2,Active
C0851,3,Churned
C0851,4,Churned
C0851,5,Churned
C0851,6,Churned
C0851,7,Churned
C0851,8,Churned
C0851,9,Churned
C0851,10,Churned
C0851,11,Churned
C0851,12,Churned
C0852,1,Active
C0852,2,Active
C0852,3,Active
C0852,4,Active
C0852,5,Churned
C0852,6,Churned
C0852,7,Churned
C0852,8,Churned
C0852,9,Churned
C0852,10,Churned
C0852,11,Churned
C0852,12,Churned
C0853,1,Active
C0853,2,At_Risk
C0853,3,At_Risk
C0853,4,Active
C0853,5,Active
C0853,6,Active
C0853,7,Active
C0853,8,At_Risk
C0853,9,At_Risk
C0853,10,At_Risk
C0853,11,At_Risk
C0853,12,Active
C0854,1,Active
C0854,2,At_Risk
C0854,3,Churned
C0854,4,Churned
C0854,5,Churned
C0854,6,Churned
C0854,7,Churned
C0854,8,Churned
C0854,9,Churned
C0854,10,Churned
C0854,11,Churned
C0854,12,Churned
C0855,1,Active
C0855,2,Active
C0855,3,Active
C0855,4,Active
C0855,5,Active
C0855,6,Active
C0855,7,Active
C0855,8,At_Risk
C0855,9,Churned
C0855,10,Churned
C0855,11,Churned
C0855,12,Churned
C0856,1,Active
C0856,2,Active
C0856,3,Active
C0856,4,At_Risk
C0856,5,At_Risk
C0856,6,Active
C0856,7,Active
C0856,8,Active
C0856,9,Active
C0856,10,Active
C0856,11,Active
C0856,12,Active
C0857,1,Active
C0857,2,Active
C0857,3,Churned
C0857,4,Churned
C0857,5,Churned
C0857,6,Churned
C0857,7,Churned
C0857,8,Churned
C0857,9,Churned
C0857,10,Churned
C0857,11,Churned
C0857,12,Churned
C0858,1,Active
C0858,2,At_Risk
C0858,3,At_Risk
C0858,4,At_Risk
C0858,5,At_Risk
C0858,6,At_Risk
C0858,7,At_Risk
C0858,8,At_Risk
C0858,9,Churned
C0858,10,Churned
C0858,11,Churned
C0858,12,Churned
C0859,1,Active
C0859,2,Active
C0859,3,Active
C0859,4,Active
C0859,5,Active
C0859,6,Active
C0859,7,Active
C0859,8,Active
C0859,9,Active
C0859,10,Active
C0859,11,Active
C0859,12,Active
C0860,1,Active
C0860,2,Active
C0860,3,Active
C0860,4,Active
C0860,5,At_Risk
C0860,6,At_Risk
C0860,7,Active
C0860,8,At_Risk
C0860,9,At_Risk
C0860,10,At_Risk
C0860,11,Churned
C0860,12,Churned
C0861,1,Active
C0861,2,Active
C0861,3,At_Risk
C0861,4,Active
C0861,5,Active
C0861,6,Active
C0861,7,Active
C0861,8,Active
C0861,9,Churned
C0861,10,Churned
C0861,11,Churned
C0861,12,Churned
C0862,1,Active
C0862,2,Active
C0862,3,Active
C0862,4,Active
C0862,5,Active
C0862,6,Active
C0862,7,At_Risk
C0862,8,Active
C0862,9,Active
C0862,10,Active
C0862,11,Active
C0862,12,At_Risk
C0863,1,Active
C0863,2,Active
C0863,3,Active
C0863,4,Active
C0863,5,Active
C0863,6,Active
C0863,7,Active
C0863,8,Active
C0863,9,Active
C0863,10,Active
C0863,11,Active
C0863,12,Active
C0864,1,Active
C0864,2,Active
C0864,3,Active
C0864,4,Active
C0864,5,Churned
C0864,6,Churned
C0864,7,Churned
C0864,8,Churned
C0864,9,Churned
C0864,10,Churned
C0864,11,Churned
C0864,12,Churned
C0865,1,Active
C0865,2,Active
C0865,3,Active
C0865,4,Active
C0865,5,Active
C0865,6,Active
C0865,7,Active
C0865,8,At_Risk
C0865,9,Active
C0865,10,Active
C0865,11,Active
C0865,12,Active
C0866,1,Active
C0866,2,At_Risk
C0866,3,Churned
C0866,4,Churned
C0866,5,Churned
C0866,6,Churned
C0866,7,Churned
C0866,8,Churned
C0866,9,Churned
C0866,10,Churned
C0866,11,Churned
C0866,12,Churned
C0867,1,Active
C0867,2,At_Risk
C0867,3,At_Risk
C0867,4,Active
C0867,5,Active
C0867,6,Active
C0867,7,Active
C0867,8,Active
C0867,9,Active
C0867,10,Active
C0867,11,Active
C0867,12,Active
C0868,1,Active
C0868,2,Active
C0868,3,Churned
C0868,4,Churned
C0868,5,Churned
C0868,6,Churned
C0868,7,Churned
C0868,8,Churned
C0868,9,Churned
C0868,10,Churned
C0868,11,Churned
C0868,12,Churned
C0869,1,Active
C0869,2,Active
C0869,3,Active
C0869,4,Churned
C0869,5,Churned
C0869,6,Churned
C0869,7,Churned
C0869,8,Churned
C0869,9,Churned
C0869,10,Churned
C0869,11,Churned
C0869,12,Churned
C0870,1,Active
C0870,2,Active
C0870,3,Active
C0870,4,Active
C0870,5,Active
C0870,6,At_Risk
C0870,7,At_Risk
C0870,8,Churned
C0870,9,Churned
C0870,10,Churned
C0870,11,Churned
C0870,12,Churned
C0871,1,Active
C0871,2,Active
C0871,3,At_Risk
C0871,4,Churned
C0871,5,Churned
C0871,6,Churned
C0871,7,Churned
C0871,8,Churned
C0871,9,Churned
C0871,10,Churned
C0871,11,Churned
C0871,12,Churned
C0872,1,Active
C0872,2,Active
C0872,3,Active
C0872,4,Active
C0872,5,Active
C0872,6,At_Risk
C0872,7,At_Risk
C0872,8,At_Risk
C0872,9,At_Risk
C0872,10,At_Risk
C0872,11,At_Risk
C0872,12,Active
C0873,1,Active
C0873,2,Churned
C0873,3,Churned
C0873,4,Churned
C0873,5,Churned
C0873,6,Churned
C0873,7,Churned
C0873,8,Churned
C0873,9,Churned
C0873,10,Churned
C0873,11,Churned
C0873,12,Churned
C0874,1,Active
C0874,2,Active
C0874,3,At_Risk
C0874,4,At_Risk
C0874,5,Active
C0874,6,Active
C0874,7,Active
C0874,8,Active
C0874,9,Active
C0874,10,At_Risk
C0874,11,At_Risk
C0874,12,At_Risk
C0875,1,Active
C0875,2,Active
C0875,3,Active
C0875,4,Active
C0875,5,Active
C0875,6,Active
C0875,7,Active
C0875,8,Churned
C0875,9,Churned
C0875,10,Churned
C0875,11,Churned
C0875,12,Churned
C0876,1,Active
C0876,2,At_Risk
C0876,3,At_Risk
C0876,4,Churned
C0876,5,Churned
C0876,6,Churned
C0876,7,Churned
C0876,8,Churned
C0876,9,Churned
C0876,10,Churned
C0876,11,Churned
C0876,12,Churned
C0877,1,Active
C0877,2,Active
C0877,3,Churned
C0877,4,Churned
C0877,5,Churned
C0877,6,Churned
C0877,7,Churned
C0877,8,Churned
C0877,9,Churned
C0877,10,Churned
C0877,11,Churned
C0877,12,Churned
C0878,1,Active
C0878,2,Active
C0878,3,Active
C0878,4,Active
C0878,5,Active
C0878,6,Active
C0878,7,Active
C0878,8,Active
C0878,9,Active
C0878,10,Active
C0878,11,At_Risk
C0878,12,Active
C0879,1,Active
C0879,2,Active
C0879,3,Active
C0879,4,Active
C0879,5,At_Risk
C0879,6,At_Risk
C0879,7,At_Risk
C0879,8,Churned
C0879,9,Churned
C0879,10,Churned
C0879,11,Churned
C0879,12,Churned
C0880,1,Active
C0880,2,Active
C0880,3,Active
C0880,4,Active
C0880,5,Churned
C0880,6,Churned
C0880,7,Churned
C0880,8,Churned
C0880,9,Churned
C0880,10,Churned
C0880,11,Churned
C0880,12,Churned
C0881,1,Active
C0881,2,Active
C0881,3,Active
C0881,4,Active
C0881,5,Active
C0881,6,At_Risk
C0881,7,Active
C0881,8,Active
C0881,9,At_Risk
C0881,10,Churned
C0881,11,Churned
C0881,12,Churned
C0882,1,Active
C0882,2,Active
C0882,3,Active
C0882,4,Active
C0882,5,Active
C0882,6,Active
C0882,7,Active
C0882,8,Active
C0882,9,Churned
C0882,10,Churned
C0882,11,Churned
C0882,12,Churned
C0883,1,Active
C0883,2,At_Risk
C0883,3,At_Risk
C0883,4,Active
C0883,5,Active
C0883,6,Active
C0883,7,Active
C0883,8,Active
C0883,9,Active
C0883,10,Active
C0883,11,At_Risk
C0883,12,At_Risk
C0884,1,Active
C0884,2,Active
C0884,3,Active
C0884,4,Active
C0884,5,Active
C0884,6,Active
C0884,7,At_Risk
C0884,8,At_Risk
C0884,9,Active
C0884,10,Active
C0884,11,Churned
C0884,12,Churned
C0885,1,Active
C0885,2,Active
C0885,3,Active
C0885,4,Active
C0885,5,At_Risk
C0885,6,At_Risk
C0885,7,Churned
C0885,8,Churned
C0885,9,Churned
C0885,10,Churned
C0885,11,Churned
C0885,12,Churned
C0886,1,Active
C0886,2,Active
C0886,3,Active
C0886,4,Active
C0886,5,Active
C0886,6,Active
C0886,7,Churned
C0886,8,Churned
C0886,9,Churned
C0886,10,Churned
C0886,11,Churned
C0886,12,Churned
C0887,1,Active
C0887,2,Active
C0887,3,Active
C0887,4,Active
C0887,5,Active
C0887,6,Active
C0887,7,Active
C0887,8,At_Risk
C0887,9,Churned
C0887,10,Churned
C0887,11,Churned
C0887,12,Churned
C0888,1,Active
C0888,2,Active
C0888,3,Active
C0888,4,Active
C0888,5,Active
C0888,6,Active
C0888,7,Active
C0888,8,Active
C0888,9,Active
C0888,10,Active
C0888,11,Active
C0888,12,Active
C0889,1,Active
C0889,2,Active
C0889,3,Active
C0889,4,Active
C0889,5,Active
C0889,6,Active
C0889,7,Active
C0889,8,Active
C0889,9,Active
C0889,10,Churned
C0889,11,Churned
C0889,12,Churned
C0890,1,Active
C0890,2,Active
C0890,3,Active
C0890,4,Active
C0890,5,Active
C0890,6,At_Risk
C0890,7,At_Risk
C0890,8,Active
C0890,9,Active
C0890,10,Active
C0890,11,Active
C0890,12,Active
C0891,1,Active
C0891,2,Active
C0891,3,Active
C0891,4,Active
C0891,5,Active
C0891,6,Active
C0891,7,Active
C0891,8,Active
C0891,9,Active
C0891,10,Active
C0891,11,Active
C0891,12,Active
C0892,1,Active
C0892,2,Churned
C0892,3,Churned
C0892,4,Churned
C0892,5,Churned
C0892,6,Churned
C0892,7,Churned
C0892,8,Churned
C0892,9,Churned
C0892,10,Churned
C0892,11,Churned
C0892,12,Churned
C0893,1,Active
C0893,2,Active
C0893,3,Active
C0893,4,Active
C0893,5,Churned
C0893,6,Churned
C0893,7,Churned
C0893,8,Churned
C0893,9,Churned
C0893,10,Churned
C0893,11,Churned
C0893,12,Churned
C0894,1,Active
C0894,2,Active
C0894,3,Active
C0894,4,Active
C0894,5,Active
C0894,6,At_Risk
C0894,7,Active
C0894,8,Churned
C0894,9,Churned
C0894,10,Churned
C0894,11,Churned
C0894,12,Churned
C0895,1,Active
C0895,2,Active
C0895,3,At_Risk
C0895,4,At_Risk
C0895,5,Active
C0895,6,Active
C0895,7,Active
C0895,8,Active
C0895,9,Active
C0895,10,At_Risk
C0895,11,At_Risk
C0895,12,At_Risk
C0896,1,Active
C0896,2,At_Risk
C0896,3,At_Risk
C0896,4,Churned
C0896,5,Churned
C0896,6,Churned
C0896,7,Churned
C0896,8,Churned
C0896,9,Churned
C0896,10,Churned
C0896,11,Churned
C0896,12,Churned
C0897,1,Active
C0897,2,Active
C0897,3,Active
C0897,4,Active
C0897,5,Active
C0897,6,Active
C0897,7,At_Risk
C0897,8,Active
C0897,9,Active
C0897,10,Active
C0897,11,Active
C0897,12,Active
C0898,1,Active
C0898,2,Active
C0898,3,Active
C0898,4,Active
C0898,5,Active
C0898,6,At_Risk
C0898,7,Active
C0898,8,Active
C0898,9,At_Risk
C0898,10,At_Risk
C0898,11,At_Risk
C0898,12,At_Risk
C0899,1,Active
C0899,2,Active
C0899,3,Active
C0899,4,Active
C0899,5,At_Risk
C0899,6,Churned
C0899,7,Churned
C0899,8,Churned
C0899,9,Churned
C0899,10,Churned
C0899,11,Churned
C0899,12,Churned
C0900,1,Active
C0900,2,Active
C0900,3,Active
C0900,4,Active
C0900,5,Active
C0900,6,Active
C0900,7,At_Risk
C0900,8,Churned
C0900,9,Churned
C0900,10,Churned
C0900,11,Churned
C0900,12,Churned
C0901,1,Active
C0901,2,Active
C0901,3,Active
C0901,4,At_Risk
C0901,5,Active
C0901,6,At_Risk
C0901,7,At_Risk
C0901,8,Active
C0901,9,Active
C0901,10,Active
C0901,11,Active
C0901,12,Active
C0902,1,Active
C0902,2,Active
C0902,3,Active
C0902,4,Active
C0902,5,Active
C0902,6,Active
C0902,7,Active
C0902,8,Active
C0902,9,Active
C0902,10,Active
C0902,11,Active
C0902,12,Active
C0903,1,Active
C0903,2,Active
C0903,3,At_Risk
C0903,4,Active
C0903,5,Active
C0903,6,Active
C0903,7,Active
C0903,8,Active
C0903,9,Active
C0903,10,Active
C0903,11,Active
C0903,12,Active
C0904,1,Active
C0904,2,Active
C0904,3,At_Risk
C0904,4,Churned
C0904,5,Churned
C0904,6,Churned
C0904,7,Churned
C0904,8,Churned
C0904,9,Churned
C0904,10,Churned
C0904,11,Churned
C0904,12,Churned
C0905,1,Active
C0905,2,Churned
C0905,3,Churned
C0905,4,Churned
C0905,5,Churned
C0905,6,Churned
C0905,7,Churned
C0905,8,Churned
C0905,9,Churned
C0905,10,Churned
C0905,11,Churned
C0905,12,Churned
C0906,1,Active
C0906,2,Active
C0906,3,Active
C0906,4,Active
C0906,5,Active
C0906,6,Active
C0906,7,At_Risk
C0906,8,Active
C0906,9,Active
C0906,10,Active
C0906,11,Active
C0906,12,At_Risk
C0907,1,Active
C0907,2,Active
C0907,3,Active
C0907,4,Active
C0907,5,Active
C0907,6,At_Risk
C0907,7,At_Risk
C0907,8,Active
C0907,9,At_Risk
C0907,10,At_Risk
C0907,11,At_Risk
C0907,12,At_Risk
C0908,1,Active
C0908,2,Active
C0908,3,Churned
C0908,4,Churned
C0908,5,Churned
C0908,6,Churned
C0908,7,Churned
C0908,8,Churned
C0908,9,Churned
C0908,10,Churned
C0908,11,Churned
C0908,12,Churned
C0909,1,Active
C0909,2,Active
C0909,3,Active
C0909,4,Active
C0909,5,Active
C0909,6,Active
C0909,7,Churned
C0909,8,Churned
C0909,9,Churned
C0909,10,Churned
C0909,11,Churned
C0909,12,Churned
C0910,1,Active
C0910,2,Active
C0910,3,Active
C0910,4,Active
C0910,5,Active
C0910,6,Active
C0910,7,Active
C0910,8,Active
C0910,9,Active
C0910,10,Active
C0910,11,Active
C0910,12,Active
C0911,1,Active
C0911,2,Active
C0911,3,Active
C0911,4,At_Risk
C0911,5,At_Risk
C0911,6,At_Risk
C0911,7,At_Risk
C0911,8,Active
C0911,9,Active
C0911,10,Active
C0911,11,Active
C0911,12,Active
C0912,1,Active
C0912,2,At_Risk
C0912,3,At_Risk
C0912,4,Churned
C0912,5,Churned
C0912,6,Churned
C0912,7,Churned
C0912,8,Churned
C0912,9,Churned
C0912,10,Churned
C0912,11,Churned
C0912,12,Churned
C0913,1,Active
C0913,2,At_Risk
C0913,3,Active
C0913,4,Active
C0913,5,At_Risk
C0913,6,Churned
C0913,7,Churned
C0913,8,Churned
C0913,9,Churned
C0913,10,Churned
C0913,11,Churned
C0913,12,Churned
C0914,1,Active
C0914,2,Churned
C0914,3,Churned
C0914,4,Churned
C0914,5,Churned
C0914,6,Churned
C0914,7,Churned
C0914,8,Churned
C0914,9,Churned
C0914,10,Churned
C0914,11,Churned
C0914,12,Churned
C0915,1,Active
C0915,2,Churned
C0915,3,Churned
C0915,4,Churned
C0915,5,Churned
C0915,6,Churned
C0915,7,Churned
C0915,8,Churned
C0915,9,Churned
C0915,10,Churned
C0915,11,Churned
C0915,12,Churned
C0916,1,Active
C0916,2,Churned
C0916,3,Churned
C0916,4,Churned
C0916,5,Churned
C0916,6,Churned
C0916,7,Churned
C0916,8,Churned
C0916,9,Churned
C0916,10,Churned
C0916,11,Churned
C0916,12,Churned
C0917,1,Active
C0917,2,Active
C0917,3,Active
C0917,4,Active
C0917,5,Active
C0917,6,At_Risk
C0917,7,At_Risk
C0917,8,At_Risk
C0917,9,Churned
C0917,10,Churned
C0917,11,Churned
C0917,12,Churned
C0918,1,Active
C0918,2,Active
C0918,3,Active
C0918,4,Active
C0918,5,Active
C0918,6,Churned
C0918,7,Churned
C0918,8,Churned
C0918,9,Churned
C0918,10,Churned
C0918,11,Churned
C0918,12,Churned
C0919,1,Active
C0919,2,Active
C0919,3,Active
C0919,4,Active
C0919,5,Active
C0919,6,Active
C0919,7,Active
C0919,8,Active
C0919,9,Active
C0919,10,Active
C0919,11,Active
C0919,12,Active
C0920,1,Active
C0920,2,Active
C0920,3,Active
C0920,4,Active
C0920,5,Active
C0920,6,Active
C0920,7,Active
C0920,8,Active
C0920,9,Active
C0920,10,Churned
C0920,11,Churned
C0920,12,Churned
C0921,1,Active
C0921,2,Active
C0921,3,Active
C0921,4,Active
C0921,5,Active
C0921,6,Active
C0921,7,Active
C0921,8,Active
C0921,9,Active
C0921,10,At_Risk
C0921,11,Active
C0921,12,Active
C0922,1,Active
C0922,2,At_Risk
C0922,3,Active
C0922,4,Active
C0922,5,Active
C0922,6,Active
C0922,7,Active
C0922,8,Active
C0922,9,Active
C0922,10,Active
C0922,11,Active
C0922,12,At_Risk
C0923,1,Active
C0923,2,Active
C0923,3,Active
C0923,4,Active
C0923,5,Active
C0923,6,Active
C0923,7,Active
C0923,8,Active
C0923,9,Active
C0923,10,Active
C0923,11,Active
C0923,12,Active
C0924,1,Active
C0924,2,Active
C0924,3,Active
C0924,4,At_Risk
C0924,5,Churned
C0924,6,Churned
C0924,7,Churned
C0924,8,Churned
C0924,9,Churned
C0924,10,Churned
C0924,11,Churned
C0924,12,Churned
C0925,1,Active
C0925,2,Active
C0925,3,Active
C0925,4,Active
C0925,5,Active
C0925,6,At_Risk
C0925,7,At_Risk
C0925,8,Churned
C0925,9,Churned
C0925,10,Churned
C0925,11,Churned
C0925,12,Churned
C0926,1,Active
C0926,2,Active
C0926,3,Active
C0926,4,At_Risk
C0926,5,At_Risk
C0926,6,Churned
C0926,7,Churned
C0926,8,Churned
C0926,9,Churned
C0926,10,Churned
C0926,11,Churned
C0926,12,Churned
C0927,1,Active
C0927,2,Active
C0927,3,Active
C0927,4,Active
C0927,5,Active
C0927,6,Active
C0927,7,Active
C0927,8,Active
C0927,9,Active
C0927,10,Churned
C0927,11,Churned
C0927,12,Churned
C0928,1,Active
C0928,2,At_Risk
C0928,3,At_Risk
C0928,4,Churned
C0928,5,Churned
C0928,6,Churned
C0928,7,Churned
C0928,8,Churned
C0928,9,Churned
C0928,10,Churned
C0928,11,Churned
C0928,12,Churned
C0929,1,Active
C0929,2,Active
C0929,3,Active
C0929,4,Active
C0929,5,Active
C0929,6,At_Risk
C0929,7,At_Risk
C0929,8,At_Risk
C0929,9,Active
C0929,10,Active
C0929,11,Active
C0929,12,Active
C0930,1,Active
C0930,2,Active
C0930,3,Active
C0930,4,Active
C0930,5,Active
C0930,6,Active
C0930,7,Churned
C0930,8,Churned
C0930,9,Churned
C0930,10,Churned
C0930,11,Churned
C0930,12,Churned
C0931,1,Active
C0931,2,Active
C0931,3,Active
C0931,4,At_Risk
C0931,5,At_Risk
C0931,6,Active
C0931,7,Active
C0931,8,Active
C0931,9,Active
C0931,10,Active
C0931,11,At_Risk
C0931,12,At_Risk
C0932,1,Active
C0932,2,Active
C0932,3,Active
C0932,4,Active
C0932,5,Active
C0932,6,At_Risk
C0932,7,At_Risk
C0932,8,Churned
C0932,9,Churned
C0932,10,Churned
C0932,11,Churned
C0932,12,Churned
C0933,1,Active
C0933,2,Active
C0933,3,Churned
C0933,4,Churned
C0933,5,Churned
C0933,6,Churned
C0933,7,Churned
C0933,8,Churned
C0933,9,Churned
C0933,10,Churned
C0933,11,Churned
C0933,12,Churned
C0934,1,Active
C0934,2,Active
C0934,3,At_Risk
C0934,4,Active
C0934,5,Active
C0934,6,At_Risk
C0934,7,At_Risk
C0934,8,Churned
C0934,9,Churned
C0934,10,Churned
C0934,11,Churned
C0934,12,Churned
C0935,1,Active
C0935,2,Active
C0935,3,Active
C0935,4,Active
C0935,5,Active
C0935,6,Active
C0935,7,Active
C0935,8,Active
C0935,9,Active
C0935,10,Active
C0935,11,At_Risk
C0935,12,Churned
C0936,1,Active
C0936,2,Active
C0936,3,Active
C0936,4,Active
C0936,5,Active
C0936,6,Churned
C0936,7,Churned
C0936,8,Churned
C0936,9,Churned
C0936,10,Churned
C0936,11,Churned
C0936,12,Churned
C0937,1,Active
C0937,2,At_Risk
C0937,3,At_Risk
C0937,4,At_Risk
C0937,5,At_Risk
C0937,6,At_Risk
C0937,7,Churned
C0937,8,Churned
C0937,9,Churned
C0937,10,Churned
C0937,11,Churned
C0937,12,Churned
C0938,1,Active
C0938,2,Active
C0938,3,Active
C0938,4,At_Risk
C0938,5,Churned
C0938,6,Churned
C0938,7,Churned
C0938,8,Churned
C0938,9,Churned
C0938,10,Churned
C0938,11,Churned
C0938,12,Churned
C0939,1,Active
C0939,2,At_Risk
C0939,3,At_Risk
C0939,4,Active
C0939,5,Active
C0939,6,At_Risk
C0939,7,Active
C0939,8,Active
C0939,9,Active
C0939,10,Active
C0939,11,Active
C0939,12,Active
C0940,1,Active
C0940,2,Active
C0940,3,At_Risk
C0940,4,At_Risk
C0940,5,At_Risk
C0940,6,At_Risk
C0940,7,Active
C0940,8,Active
C0940,9,Active
C0940,10,Churned
C0940,11,Churned
C0940,12,Churned
C0941,1,Active
C0941,2,Active
C0941,3,At_Risk
C0941,4,At_Risk
C0941,5,Active
C0941,6,Active
C0941,7,Active
C0941,8,Active
C0941,9,Active
C0941,10,At_Risk
C0941,11,At_Risk
C0941,12,At_Risk
C0942,1,Active
C0942,2,At_Risk
C0942,3,At_Risk
C0942,4,Churned
C0942,5,Churned
C0942,6,Churned
C0942,7,Churned
C0942,8,Churned
C0942,9,Churned
C0942,10,Churned
C0942,11,Churned
C0942,12,Churned
C0943,1,Active
C0943,2,Active
C0943,3,Active
C0943,4,Active
C0943,5,Churned
C0943,6,Churned
C0943,7,Churned
C0943,8,Churned
C0943,9,Churned
C0943,10,Churned
C0943,11,Churned
C0943,12,Churned
C0944,1,Active
C0944,2,Active
C0944,3,At_Risk
C0944,4,Active
C0944,5,Active
C0944,6,At_Risk
C0944,7,At_Risk
C0944,8,At_Risk
C0944,9,Active
C0944,10,Active
C0944,11,Active
C0944,12,At_Risk
C0945,1,Active
C0945,2,Active
C0945,3,Active
C0945,4,Active
C0945,5,Active
C0945,6,Active
C0945,7,Active
C0945,8,Active
C0945,9,Active
C0945,10,Active
C0945,11,Active
C0945,12,Active
C0946,1,Active
C0946,2,Active
C0946,3,At_Risk
C0946,4,At_Risk
C0946,5,Active
C0946,6,Active
C0946,7,Active
C0946,8,Active
C0946,9,Active
C0946,10,At_Risk
C0946,11,Churned
C0946,12,Churned
C0947,1,Active
C0947,2,Active
C0947,3,Active
C0947,4,Active
C0947,5,Churned
C0947,6,Churned
C0947,7,Churned
C0947,8,Churned
C0947,9,Churned
C0947,10,Churned
C0947,11,Churned
C0947,12,Churned
C0948,1,Active
C0948,2,At_Risk
C0948,3,Churned
C0948,4,Churned
C0948,5,Churned
C0948,6,Churned
C0948,7,Churned
C0948,8,Churned
C0948,9,Churned
C0948,10,Churned
C0948,11,Churned
C0948,12,Churned
C0949,1,Active
C0949,2,At_Risk
C0949,3,At_Risk
C0949,4,At_Risk
C0949,5,At_Risk
C0949,6,Churned
C0949,7,Churned
C0949,8,Churned
C0949,9,Churned
C0949,10,Churned
C0949,11,Churned
C0949,12,Churned
C0950,1,Active
C0950,2,Active
C0950,3,Active
C0950,4,Active
C0950,5,Active
C0950,6,Churned
C0950,7,Churned
C0950,8,Churned
C0950,9,Churned
C0950,10,Churned
C0950,11,Churned
C0950,12,Churned
C0951,1,Active
C0951,2,Active
C0951,3,Active
C0951,4,Active
C0951,5,Active
C0951,6,Active
C0951,7,Active
C0951,8,Active
C0951,9,Active
C0951,10,At_Risk
C0951,11,Churned
C0951,12,Churned
C0952,1,Active
C0952,2,Active
C0952,3,Active
C0952,4,Active
C0952,5,Active
C0952,6,Active
C0952,7,Churned
C0952,8,Churned
C0952,9,Churned
C0952,10,Churned
C0952,11,Churned
C0952,12,Churned
C0953,1,Active
C0953,2,Active
C0953,3,Active
C0953,4,Active
C0953,5,Active
C0953,6,Active
C0953,7,Active
C0953,8,Active
C0953,9,Active
C0953,10,At_Risk
C0953,11,At_Risk
C0953,12,Active
C0954,1,Active
C0954,2,Active
C0954,3,Active
C0954,4,Active
C0954,5,Active
C0954,6,Active
C0954,7,Active
C0954,8,At_Risk
C0954,9,At_Risk
C0954,10,Active
C0954,11,Active
C0954,12,Active
C0955,1,Active
C0955,2,At_Risk
C0955,3,At_Risk
C0955,4,At_Risk
C0955,5,Active
C0955,6,Active
C0955,7,Active
C0955,8,Active
C0955,9,Active
C0955,10,Active
C0955,11,Active
C0955,12,At_Risk
C0956,1,Active
C0956,2,At_Risk
C0956,3,Churned
C0956,4,Churned
C0956,5,Churned
C0956,6,Churned
C0956,7,Churned
C0956,8,Churned
C0956,9,Churned
C0956,10,Churned
C0956,11,Churned
C0956,12,Churned
C0957,1,Active
C0957,2,Active
C0957,3,Active
C0957,4,Active
C0957,5,Active
C0957,6,Active
C0957,7,Active
C0957,8,At_Risk
C0957,9,Churned
C0957,10,Churned
C0957,11,Churned
C0957,12,Churned
C0958,1,Active
C0958,2,Active
C0958,3,Active
C0958,4,Active
C0958,5,Active
C0958,6,Active
C0958,7,Active
C0958,8,Active
C0958,9,Active
C0958,10,Active
C0958,11,Active
C0958,12,Active
C0959,1,Active
C0959,2,Active
C0959,3,Active
C0959,4,Active
C0959,5,Active
C0959,6,Active
C0959,7,Active
C0959,8,Active
C0959,9,Active
C0959,10,At_Risk
C0959,11,Active
C0959,12,Churned
C0960,1,Active
C0960,2,Active
C0960,3,Active
C0960,4,Active
C0960,5,Active
C0960,6,Active
C0960,7,At_Risk
C0960,8,At_Risk
C0960,9,Active
C0960,10,At_Risk
C0960,11,At_Risk
C0960,12,Churned
C0961,1,Active
C0961,2,Active
C0961,3,Active
C0961,4,Active
C0961,5,Churned
C0961,6,Churned
C0961,7,Churned
C0961,8,Churned
C0961,9,Churned
C0961,10,Churned
C0961,11,Churned
C0961,12,Churned
C0962,1,Active
C0962,2,Active
C0962,3,Active
C0962,4,Active
C0962,5,Active
C0962,6,At_Risk
C0962,7,Active
C0962,8,Active
C0962,9,Active
C0962,10,Active
C0962,11,Active
C0962,12,Active
C0963,1,Active
C0963,2,Active
C0963,3,Active
C0963,4,Active
C0963,5,Active
C0963,6,Active
C0963,7,Active
C0963,8,Active
C0963,9,Active
C0963,10,At_Risk
C0963,11,Active
C0963,12,Active
C0964,1,Active
C0964,2,Active
C0964,3,Active
C0964,4,Active
C0964,5,At_Risk
C0964,6,Churned
C0964,7,Churned
C0964,8,Churned
C0964,9,Churned
C0964,10,Churned
C0964,11,Churned
C0964,12,Churned
C0965,1,Active
C0965,2,Churned
C0965,3,Churned
C0965,4,Churned
C0965,5,Churned
C0965,6,Churned
C0965,7,Churned
C0965,8,Churned
C0965,9,Churned
C0965,10,Churned
C0965,11,Churned
C0965,12,Churned
C0966,1,Active
C0966,2,Active
C0966,3,Active
C0966,4,Active
C0966,5,Active
C0966,6,Active
C0966,7,Active
C0966,8,Active
C0966,9,Active
C0966,10,Active
C0966,11,Active
C0966,12,Active
C0967,1,Active
C0967,2,Churned
C0967,3,Churned
C0967,4,Churned
C0967,5,Churned
C0967,6,Churned
C0967,7,Churned
C0967,8,Churned
C0967,9,Churned
C0967,10,Churned
C0967,11,Churned
C0967,12,Churned
C0968,1,Active
C0968,2,Active
C0968,3,Active
C0968,4,Active
C0968,5,Active
C0968,6,Active
C0968,7,Active
C0968,8,Churned
C0968,9,Churned
C0968,10,Churned
C0968,11,Churned
C0968,12,Churned
C0969,1,Active
C0969,2,Active
C0969,3,Active
C0969,4,Active
C0969,5,Active
C0969,6,Active
C0969,7,Active
C0969,8,Active
C0969,9,Active
C0969,10,Active
C0969,11,Active
C0969,12,Active
C0970,1,Active
C0970,2,Active
C0970,3,Active
C0970,4,Active
C0970,5,Active
C0970,6,Active
C0970,7,Active
C0970,8,Active
C0970,9,Active
C0970,10,At_Risk
C0970,11,Active
C0970,12,Active
C0971,1,Active
C0971,2,Active
C0971,3,Active
C0971,4,At_Risk
C0971,5,At_Risk
C0971,6,Churned
C0971,7,Churned
C0971,8,Churned
C0971,9,Churned
C0971,10,Churned
C0971,11,Churned
C0971,12,Churned
C0972,1,Active
C0972,2,Active
C0972,3,Active
C0972,4,Active
C0972,5,At_Risk
C0972,6,Churned
C0972,7,Churned
C0972,8,Churned
C0972,9,Churned
C0972,10,Churned
C0972,11,Churned
C0972,12,Churned
C0973,1,Active
C0973,2,Active
C0973,3,Active
C0973,4,At_Risk
C0973,5,Active
C0973,6,Active
C0973,7,Active
C0973,8,Active
C0973,9,Active
C0973,10,Active
C0973,11,Active
C0973,12,At_Risk
C0974,1,Active
C0974,2,At_Risk
C0974,3,Active
C0974,4,Active
C0974,5,Active
C0974,6,Active
C0974,7,Churned
C0974,8,Churned
C0974,9,Churned
C0974,10,Churned
C0974,11,Churned
C0974,12,Churned
C0975,1,Active
C0975,2,Active
C0975,3,Active
C0975,4,Active
C0975,5,At_Risk
C0975,6,Active
C0975,7,Active
C0975,8,Active
C0975,9,Active
C0975,10,At_Risk
C0975,11,Active
C0975,12,Active
C0976,1,Active
C0976,2,Active
C0976,3,Active
C0976,4,Active
C0976,5,Active
C0976,6,Active
C0976,7,Active
C0976,8,At_Risk
C0976,9,Active
C0976,10,Active
C0976,11,Active
C0976,12,Active
C0977,1,Active
C0977,2,Active
C0977,3,Active
C0977,4,Active
C0977,5,At_Risk
C0977,6,At_Risk
C0977,7,Churned
C0977,8,Churned
C0977,9,Churned
C0977,10,Churned
C0977,11,Churned
C0977,12,Churned
C0978,1,Active
C0978,2,Active
C0978,3,At_Risk
C0978,4,Churned
C0978,5,Churned
C0978,6,Churned
C0978,7,Churned
C0978,8,Churned
C0978,9,Churned
C0978,10,Churned
C0978,11,Churned
C0978,12,Churned
C0979,1,Active
C0979,2,Active
C0979,3,Active
C0979,4,Active
C0979,5,Active
C0979,6,Active
C0979,7,Active
C0979,8,Active
C0979,9,Active
C0979,10,Active
C0979,11,Active
C0979,12,Active
C0980,1,Active
C0980,2,Active
C0980,3,Churned
C0980,4,Churned
C0980,5,Churned
C0980,6,Churned
C0980,7,Churned
C0980,8,Churned
C0980,9,Churned
C0980,10,Churned
C0980,11,Churned
C0980,12,Churned
C0981,1,Active
C0981,2,Churned
C0981,3,Churned
C0981,4,Churned
C0981,5,Churned
C0981,6,Churned
C0981,7,Churned
C0981,8,Churned
C0981,9,Churned
C0981,10,Churned
C0981,11,Churned
C0981,12,Churned
C0982,1,Active
C0982,2,At_Risk
C0982,3,Churned
C0982,4,Churned
C0982,5,Churned
C0982,6,Churned
C0982,7,Churned
C0982,8,Churned
C0982,9,Churned
C0982,10,Churned
C0982,11,Churned
C0982,12,Churned
C0983,1,Active
C0983,2,Active
C0983,3,At_Risk
C0983,4,Churned
C0983,5,Churned
C0983,6,Churned
C0983,7,Churned
C0983,8,Churned
C0983,9,Churned
C0983,10,Churned
C0983,11,Churned
C0983,12,Churned
C0984,1,Active
C0984,2,Active
C0984,3,Active
C0984,4,Active
C0984,5,Churned
C0984,6,Churned
C0984,7,Churned
C0984,8,Churned
C0984,9,Churned
C0984,10,Churned
C0984,11,Churned
C0984,12,Churned
C0985,1,Active
C0985,2,Active
C0985,3,Active
C0985,4,Active
C0985,5,Active
C0985,6,Active
C0985,7,Active
C0985,8,Active
C0985,9,Active
C0985,10,Active
C0985,11,Active
C0985,12,Active
C0986,1,Active
C0986,2,At_Risk
C0986,3,Active
C0986,4,Active
C0986,5,Active
C0986,6,Active
C0986,7,Active
C0986,8,At_Risk
C0986,9,At_Risk
C0986,10,At_Risk
C0986,11,Active
C0986,12,Active
C0987,1,Active
C0987,2,Active
C0987,3,At_Risk
C0987,4,At_Risk
C0987,5,At_Risk
C0987,6,Churned
C0987,7,Churned
C0987,8,Churned
C0987,9,Churned
C0987,10,Churned
C0987,11,Churned
C0987,12,Churned
C0988,1,Active
C0988,2,Active
C0988,3,Active
C0988,4,At_Risk
C0988,5,Churned
C0988,6,Churned
C0988,7,Churned
C0988,8,Churned
C0988,9,Churned
C0988,10,Churned
C0988,11,Churned
C0988,12,Churned
C0989,1,Active
C0989,2,Active
C0989,3,Active
C0989,4,Active
C0989,5,Active
C0989,6,At_Risk
C0989,7,Active
C0989,8,Active
C0989,9,Active
C0989,10,Active
C0989,11,Active
C0989,12,Active
C0990,1,Active
C0990,2,Active
C0990,3,At_Risk
C0990,4,Active
C0990,5,At_Risk
C0990,6,At_Risk
C0990,7,Active
C0990,8,At_Risk
C0990,9,Active
C0990,10,Active
C0990,11,Active
C0990,12,Active
C0991,1,Active
C0991,2,Active
C0991,3,Active
C0991,4,Active
C0991,5,Active
C0991,6,At_Risk
C0991,7,Active
C0991,8,Active
C0991,9,Active
C0991,10,Active
C0991,11,Active
C0991,12,Active
C0992,1,Active
C0992,2,Active
C0992,3,Active
C0992,4,Active
C0992,5,Active
C0992,6,Active
C0992,7,Active
C0992,8,At_Risk
C0992,9,Churned
C0992,10,Churned
C0992,11,Churned
C0992,12,Churned
C0993,1,Active
C0993,2,Active
C0993,3,Active
C0993,4,Churned
C0993,5,Churned
C0993,6,Churned
C0993,7,Churned
C0993,8,Churned
C0993,9,Churned
C0993,10,Churned
C0993,11,Churned
C0993,12,Churned
C0994,1,Active
C0994,2,Active
C0994,3,Active
C0994,4,Active
C0994,5,Active
C0994,6,Active
C0994,7,Active
C0994,8,At_Risk
C0994,9,Active
C0994,10,Active
C0994,11,Active
C0994,12,Active
C0995,1,Active
C0995,2,At_Risk
C0995,3,At_Risk
C0995,4,At_Risk
C0995,5,Active
C0995,6,Active
C0995,7,Active
C0995,8,At_Risk
C0995,9,At_Risk
C0995,10,Churned
C0995,11,Churned
C0995,12,Churned
C0996,1,Active
C0996,2,Active
C0996,3,At_Risk
C0996,4,Churned
C0996,5,Churned
C0996,6,Churned
C0996,7,Churned
C0996,8,Churned
C0996,9,Churned
C0996,10,Churned
C0996,11,Churned
C0996,12,Churned
C0997,1,Active
C0997,2,Active
C0997,3,Active
C0997,4,Active
C0997,5,Active
C0997,6,Active
C0997,7,Active
C0997,8,Active
C0997,9,Active
C0997,10,Active
C0997,11,Active
C0997,12,At_Risk
C0998,1,Active
C0998,2,Active
C0998,3,Active
C0998,4,Active
C0998,5,Active
C0998,6,At_Risk
C0998,7,At_Risk
C0998,8,Active
C0998,9,At_Risk
C0998,10,At_Risk
C0998,11,At_Risk
C0998,12,At_Risk
C0999,1,Active
C0999,2,Churned
C0999,3,Churned
C0999,4,Churned
C0999,5,Churned
C0999,6,Churned
C0999,7,Churned
C0999,8,Churned
C0999,9,Churned
C0999,10,Churned
C0999,11,Churned
C0999,12,Churned
C1000,1,Active
C1000,2,Active
C1000,3,Active
C1000,4,Active
C1000,5,Active
C1000,6,Active
C1000,7,Active
C1000,8,Active
C1000,9,Active
C1000,10,At_Risk
C1000,11,Active
C1000,12,Active
C1001,1,Active
C1001,2,Active
C1001,3,Active
C1001,4,Active
C1001,5,Active
C1001,6,Active
C1001,7,Active
C1001,8,Active
C1001,9,Active
C1001,10,Active
C1001,11,Active
C1001,12,Active
C1002,1,Active
C1002,2,Active
C1002,3,At_Risk
C1002,4,Churned
C1002,5,Churned
C1002,6,Churned
C1002,7,Churned
C1002,8,Churned
C1002,9,Churned
C1002,10,Churned
C1002,11,Churned
C1002,12,Churned
C1003,1,Active
C1003,2,Active
C1003,3,At_Risk
C1003,4,At_Risk
C1003,5,Churned
C1003,6,Churned
C1003,7,Churned
C1003,8,Churned
C1003,9,Churned
C1003,10,Churned
C1003,11,Churned
C1003,12,Churned
C1004,1,Active
C1004,2,Active
C1004,3,Active
C1004,4,At_Risk
C1004,5,At_Risk
C1004,6,At_Risk
C1004,7,At_Risk
C1004,8,At_Risk
C1004,9,At_Risk
C1004,10,At_Risk
C1004,11,At_Risk
C1004,12,At_Risk
C1005,1,Active
C1005,2,Active
C1005,3,Active
C1005,4,At_Risk
C1005,5,At_Risk
C1005,6,At_Risk
C1005,7,Churned
C1005,8,Churned
C1005,9,Churned
C1005,10,Churned
C1005,11,Churned
C1005,12,Churned
C1006,1,Active
C1006,2,Active
C1006,3,Active
C1006,4,At_Risk
C1006,5,At_Risk
C1006,6,At_Risk
C1006,7,At_Risk
C1006,8,At_Risk
C1006,9,At_Risk
C1006,10,Active
C1006,11,Active
C1006,12,Active
C1007,1,Active
C1007,2,At_Risk
C1007,3,At_Risk
C1007,4,At_Risk
C1007,5,Churned
C1007,6,Churned
C1007,7,Churned
C1007,8,Churned
C1007,9,Churned
C1007,10,Churned
C1007,11,Churned
C1007,12,Churned
C1008,1,Active
C1008,2,Active
C1008,3,Active
C1008,4,Active
C1008,5,Active
C1008,6,At_Risk
C1008,7,Active
C1008,8,Active
C1008,9,Active
C1008,10,At_Risk
C1008,11,At_Risk
C1008,12,At_Risk
C1009,1,Active
C1009,2,Active
C1009,3,Active
C1009,4,Active
C1009,5,Active
C1009,6,Active
C1009,7,Active
C1009,8,Active
C1009,9,Active
C1009,10,At_Risk
C1009,11,Active
C1009,12,Active
C1010,1,Active
C1010,2,Active
C1010,3,Active
C1010,4,Active
C1010,5,Churned
C1010,6,Churned
C1010,7,Churned
C1010,8,Churned
C1010,9,Churned
C1010,10,Churned
C1010,11,Churned
C1010,12,Churned
C1011,1,Active
C1011,2,Active
C1011,3,Churned
C1011,4,Churned
C1011,5,Churned
C1011,6,Churned
C1011,7,Churned
C1011,8,Churned
C1011,9,Churned
C1011,10,Churned
C1011,11,Churned
C1011,12,Churned
C1012,1,Active
C1012,2,Active
C1012,3,Active
C1012,4,Active
C1012,5,Active
C1012,6,Active
C1012,7,Churned
C1012,8,Churned
C1012,9,Churned
C1012,10,Churned
C1012,11,Churned
C1012,12,Churned
C1013,1,Active
C1013,2,Active
C1013,3,At_Risk
C1013,4,At_Risk
C1013,5,At_Risk
C1013,6,At_Risk
C1013,7,Active
C1013,8,Active
C1013,9,Active
C1013,10,At_Risk
C1013,11,Churned
C1013,12,Churned
C1014,1,Active
C1014,2,Churned
C1014,3,Churned
C1014,4,Churned
C1014,5,Churned
C1014,6,Churned
C1014,7,Churned
C1014,8,Churned
C1014,9,Churned
C1014,10,Churned
C1014,11,Churned
C1014,12,Churned
C1015,1,Active
C1015,2,Active
C1015,3,At_Risk
C1015,4,Active
C1015,5,Active
C1015,6,Active
C1015,7,Active
C1015,8,Active
C1015,9,At_Risk
C1015,10,At_Risk
C1015,11,At_Risk
C1015,12,Active
C1016,1,Active
C1016,2,Active
C1016,3,Active
C1016,4,Active
C1016,5,Active
C1016,6,Active
C1016,7,Churned
C1016,8,Churned
C1016,9,Churned
C1016,10,Churned
C1016,11,Churned
C1016,12,Churned
C1017,1,Active
C1017,2,Active
C1017,3,Active
C1017,4,Active
C1017,5,Active
C1017,6,Active
C1017,7,Active
C1017,8,At_Risk
C1017,9,At_Risk
C1017,10,At_Risk
C1017,11,At_Risk
C1017,12,At_Risk
C1018,1,Active
C1018,2,At_Risk
C1018,3,Churned
C1018,4,Churned
C1018,5,Churned
C1018,6,Churned
C1018,7,Churned
C1018,8,Churned
C1018,9,Churned
C1018,10,Churned
C1018,11,Churned
C1018,12,Churned
C1019,1,Active
C1019,2,Active
C1019,3,At_Risk
C1019,4,Active
C1019,5,Active
C1019,6,Active
C1019,7,Active
C1019,8,Active
C1019,9,Active
C1019,10,Churned
C1019,11,Churned
C1019,12,Churned
C1020,1,Active
C1020,2,Active
C1020,3,Active
C1020,4,At_Risk
C1020,5,At_Risk
C1020,6,At_Risk
C1020,7,At_Risk
C1020,8,Churned
C1020,9,Churned
C1020,10,Churned
C1020,11,Churned
C1020,12,Churned
C1021,1,Active
C1021,2,At_Risk
C1021,3,At_Risk
C1021,4,Churned
C1021,5,Churned
C1021,6,Churned
C1021,7,Churned
C1021,8,Churned
C1021,9,Churned
C1021,10,Churned
C1021,11,Churned
C1021,12,Churned
C1022,1,Active
C1022,2,Active
C1022,3,Active
C1022,4,Active
C1022,5,At_Risk
C1022,6,Churned
C1022,7,Churned
C1022,8,Churned
C1022,9,Churned
C1022,10,Churned
C1022,11,Churned
C1022,12,Churned
C1023,1,Active
C1023,2,Churned
C1023,3,Churned
C1023,4,Churned
C1023,5,Churned
C1023,6,Churned
C1023,7,Churned
C1023,8,Churned
C1023,9,Churned
C1023,10,Churned
C1023,11,Churned
C1023,12,Churned
C1024,1,Active
C1024,2,Active
C1024,3,Active
C1024,4,Active
C1024,5,At_Risk
C1024,6,Active
C1024,7,Active
C1024,8,At_Risk
C1024,9,Active
C1024,10,Active
C1024,11,Active
C1024,12,Active
C1025,1,Active
C1025,2,Active
C1025,3,At_Risk
C1025,4,Active
C1025,5,Active
C1025,6,Active
C1025,7,Active
C1025,8,Active
C1025,9,Active
C1025,10,Active
C1025,11,Active
C1025,12,Active
C1026,1,Active
C1026,2,Active
C1026,3,Active
C1026,4,Active
C1026,5,Active
C1026,6,Active
C1026,7,Active
C1026,8,Active
C1026,9,Active
C1026,10,Active
C1026,11,Active
C1026,12,Active
C1027,1,Active
C1027,2,At_Risk
C1027,3,At_Risk
C1027,4,Active
C1027,5,At_Risk
C1027,6,At_Risk
C1027,7,At_Risk
C1027,8,At_Risk
C1027,9,Active
C1027,10,Active
C1027,11,Active
C1027,12,Active
C1028,1,Active
C1028,2,Active
C1028,3,Active
C1028,4,At_Risk
C1028,5,At_Risk
C1028,6,Active
C1028,7,Active
C1028,8,Active
C1028,9,Active
C1028,10,Active
C1028,11,Active
C1028,12,Active
C1029,1,Active
C1029,2,Active
C1029,3,Active
C1029,4,At_Risk
C1029,5,Active
C1029,6,Active
C1029,7,Active
C1029,8,At_Risk
C1029,9,At_Risk
C1029,10,Churned
C1029,11,Churned
C1029,12,Churned
C1030,1,Active
C1030,2,Active
C1030,3,Active
C1030,4,At_Risk
C1030,5,Active
C1030,6,Active
C1030,7,At_Risk
C1030,8,At_Risk
C1030,9,Churned
C1030,10,Churned
C1030,11,Churned
C1030,12,Churned
C1031,1,Active
C1031,2,Active
C1031,3,Active
C1031,4,Active
C1031,5,Active
C1031,6,Active
C1031,7,Active
C1031,8,Active
C1031,9,Active
C1031,10,Active
C1031,11,Active
C1031,12,Active
C1032,1,Active
C1032,2,Active
C1032,3,Active
C1032,4,Active
C1032,5,Active
C1032,6,Active
C1032,7,Active
C1032,8,Active
C1032,9,Active
C1032,10,Active
C1032,11,Active
C1032,12,Active
C1033,1,Active
C1033,2,Active
C1033,3,Active
C1033,4,Churned
C1033,5,Churned
C1033,6,Churned
C1033,7,Churned
C1033,8,Churned
C1033,9,Churned
C1033,10,Churned
C1033,11,Churned
C1033,12,Churned
C1034,1,Active
C1034,2,At_Risk
C1034,3,Churned
C1034,4,Churned
C1034,5,Churned
C1034,6,Churned
C1034,7,Churned
C1034,8,Churned
C1034,9,Churned
C1034,10,Churned
C1034,11,Churned
C1034,12,Churned
C1035,1,Active
C1035,2,Active
C1035,3,Active
C1035,4,Active
C1035,5,Active
C1035,6,Active
C1035,7,Active
C1035,8,At_Risk
C1035,9,At_Risk
C1035,10,At_Risk
C1035,11,Active
C1035,12,Active
C1036,1,Active
C1036,2,Active
C1036,3,At_Risk
C1036,4,At_Risk
C1036,5,Active
C1036,6,Active
C1036,7,Active
C1036,8,Active
C1036,9,Active
C1036,10,Active
C1036,11,At_Risk
C1036,12,At_Risk
C1037,1,Active
C1037,2,Active
C1037,3,Active
C1037,4,Active
C1037,5,Active
C1037,6,At_Risk
C1037,7,Active
C1037,8,At_Risk
C1037,9,Active
C1037,10,Churned
C1037,11,Churned
C1037,12,Churned
C1038,1,Active
C1038,2,Active
C1038,3,Active
C1038,4,Active
C1038,5,Active
C1038,6,Active
C1038,7,Active
C1038,8,Active
C1038,9,Active
C1038,10,At_Risk
C1038,11,Churned
C1038,12,Churned
C1039,1,Active
C1039,2,Active
C1039,3,Active
C1039,4,Active
C1039,5,Active
C1039,6,Active
C1039,7,At_Risk
C1039,8,At_Risk
C1039,9,At_Risk
C1039,10,At_Risk
C1039,11,At_Risk
C1039,12,Active
C1040,1,Active
C1040,2,Active
C1040,3,Active
C1040,4,Active
C1040,5,Active
C1040,6,Active
C1040,7,At_Risk
C1040,8,At_Risk
C1040,9,Active
C1040,10,Active
C1040,11,Active
C1040,12,Churned
C1041,1,Active
C1041,2,Active
C1041,3,Active
C1041,4,Active
C1041,5,Active
C1041,6,Active
C1041,7,Active
C1041,8,Active
C1041,9,Active
C1041,10,Active
C1041,11,At_Risk
C1041,12,Churned
C1042,1,Active
C1042,2,Active
C1042,3,Active
C1042,4,Active
C1042,5,Active
C1042,6,Active
C1042,7,Active
C1042,8,Churned
C1042,9,Churned
C1042,10,Churned
C1042,11,Churned
C1042,12,Churned
C1043,1,Active
C1043,2,Active
C1043,3,Active
C1043,4,Active
C1043,5,Active
C1043,6,Active
C1043,7,Active
C1043,8,Churned
C1043,9,Churned
C1043,10,Churned
C1043,11,Churned
C1043,12,Churned
C1044,1,Active
C1044,2,Active
C1044,3,Active
C1044,4,Active
C1044,5,Active
C1044,6,Active
C1044,7,Active
C1044,8,Active
C1044,9,Active
C1044,10,Churned
C1044,11,Churned
C1044,12,Churned
C1045,1,Active
C1045,2,Active
C1045,3,Active
C1045,4,At_Risk
C1045,5,Active
C1045,6,Active
C1045,7,Churned
C1045,8,Churned
C1045,9,Churned
C1045,10,Churned
C1045,11,Churned
C1045,12,Churned
C1046,1,Active
C1046,2,Active
C1046,3,Active
C1046,4,Active
C1046,5,Churned
C1046,6,Churned
C1046,7,Churned
C1046,8,Churned
C1046,9,Churned
C1046,10,Churned
C1046,11,Churned
C1046,12,Churned
C1047,1,Active
C1047,2,Active
C1047,3,Active
C1047,4,Active
C1047,5,At_Risk
C1047,6,Churned
C1047,7,Churned
C1047,8,Churned
C1047,9,Churned
C1047,10,Churned
C1047,11,Churned
C1047,12,Churned
C1048,1,Active
C1048,2,Active
C1048,3,Active
C1048,4,Active
C1048,5,Active
C1048,6,Active
C1048,7,Active
C1048,8,Active
C1048,9,Active
C1048,10,At_Risk
C1048,11,At_Risk
C1048,12,At_Risk
C1049,1,Active
C1049,2,At_Risk
C1049,3,At_Risk
C1049,4,At_Risk
C1049,5,At_Risk
C1049,6,Active
C1049,7,Active
C1049,8,Active
C1049,9,Active
C1049,10,Active
C1049,11,Active
C1049,12,Churned
C1050,1,Active
C1050,2,Active
C1050,3,Active
C1050,4,At_Risk
C1050,5,At_Risk
C1050,6,At_Risk
C1050,7,Active
C1050,8,Active
C1050,9,Active
C1050,10,Active
C1050,11,Active
C1050,12,Active
C1051,1,Active
C1051,2,Active
C1051,3,Active
C1051,4,Active
C1051,5,At_Risk
C1051,6,Churned
C1051,7,Churned
C1051,8,Churned
C1051,9,Churned
C1051,10,Churned
C1051,11,Churned
C1051,12,Churned
C1052,1,Active
C1052,2,Active
C1052,3,Active
C1052,4,Active
C1052,5,At_Risk
C1052,6,Churned
C1052,7,Churned
C1052,8,Churned
C1052,9,Churned
C1052,10,Churned
C1052,11,Churned
C1052,12,Churned
C1053,1,Active
C1053,2,Active
C1053,3,Active
C1053,4,Active
C1053,5,Active
C1053,6,Active
C1053,7,Active
C1053,8,Active
C1053,9,At_Risk
C1053,10,Churned
C1053,11,Churned
C1053,12,Churned
C1054,1,Active
C1054,2,Active
C1054,3,Active
C1054,4,Active
C1054,5,Active
C1054,6,Active
C1054,7,Active
C1054,8,At_Risk
C1054,9,At_Risk
C1054,10,Active
C1054,11,At_Risk
C1054,12,At_Risk
C1055,1,Active
C1055,2,Active
C1055,3,Churned
C1055,4,Churned
C1055,5,Churned
C1055,6,Churned
C1055,7,Churned
C1055,8,Churned
C1055,9,Churned
C1055,10,Churned
C1055,11,Churned
C1055,12,Churned
C1056,1,Active
C1056,2,Active
C1056,3,Active
C1056,4,Active
C1056,5,At_Risk
C1056,6,Churned
C1056,7,Churned
C1056,8,Churned
C1056,9,Churned
C1056,10,Churned
C1056,11,Churned
C1056,12,Churned
C1057,1,Active
C1057,2,At_Risk
C1057,3,Churned
C1057,4,Churned
C1057,5,Churned
C1057,6,Churned
C1057,7,Churned
C1057,8,Churned
C1057,9,Churned
C1057,10,Churned
C1057,11,Churned
C1057,12,Churned
C1058,1,Active
C1058,2,Active
C1058,3,Active
C1058,4,At_Risk
C1058,5,Active
C1058,6,Active
C1058,7,Active
C1058,8,Active
C1058,9,Active
C1058,10,Active
C1058,11,Active
C1058,12,Active
C1059,1,Active
C1059,2,Active
C1059,3,Active
C1059,4,Active
C1059,5,Active
C1059,6,Active
C1059,7,Active
C1059,8,Active
C1059,9,Active
C1059,10,Active
C1059,11,Active
C1059,12,Active
C1060,1,Active
C1060,2,Active
C1060,3,Active
C1060,4,Active
C1060,5,Active
C1060,6,Active
C1060,7,Active
C1060,8,Active
C1060,9,Churned
C1060,10,Churned
C1060,11,Churned
C1060,12,Churned
C1061,1,Active
C1061,2,Churned
C1061,3,Churned
C1061,4,Churned
C1061,5,Churned
C1061,6,Churned
C1061,7,Churned
C1061,8,Churned
C1061,9,Churned
C1061,10,Churned
C1061,11,Churned
C1061,12,Churned
C1062,1,Active
C1062,2,Active
C1062,3,Churned
C1062,4,Churned
C1062,5,Churned
C1062,6,Churned
C1062,7,Churned
C1062,8,Churned
C1062,9,Churned
C1062,10,Churned
C1062,11,Churned
C1062,12,Churned
C1063,1,Active
C1063,2,Active
C1063,3,Active
C1063,4,Active
C1063,5,Active
C1063,6,Active
C1063,7,Active
C1063,8,At_Risk
C1063,9,Active
C1063,10,Churned
C1063,11,Churned
C1063,12,Churned
C1064,1,Active
C1064,2,Active
C1064,3,Active
C1064,4,Active
C1064,5,Active
C1064,6,Active
C1064,7,Active
C1064,8,At_Risk
C1064,9,Active
C1064,10,Active
C1064,11,At_Risk
C1064,12,Churned
C1065,1,Active
C1065,2,Active
C1065,3,Active
C1065,4,Active
C1065,5,Active
C1065,6,Active
C1065,7,Active
C1065,8,Active
C1065,9,Churned
C1065,10,Churned
C1065,11,Churned
C1065,12,Churned
C1066,1,Active
C1066,2,Churned
C1066,3,Churned
C1066,4,Churned
C1066,5,Churned
C1066,6,Churned
C1066,7,Churned
C1066,8,Churned
C1066,9,Churned
C1066,10,Churned
C1066,11,Churned
C1066,12,Churned
C1067,1,Active
C1067,2,Active
C1067,3,Active
C1067,4,Active
C1067,5,At_Risk
C1067,6,Churned
C1067,7,Churned
C1067,8,Churned
C1067,9,Churned
C1067,10,Churned
C1067,11,Churned
C1067,12,Churned
C1068,1,Active
C1068,2,Active
C1068,3,Active
C1068,4,Active
C1068,5,Active
C1068,6,Active
C1068,7,At_Risk
C1068,8,Active
C1068,9,Active
C1068,10,Active
C1068,11,Active
C1068,12,At_Risk
C1069,1,Active
C1069,2,Active
C1069,3,Active
C1069,4,Active
C1069,5,At_Risk
C1069,6,Active
C1069,7,Active
C1069,8,Active
C1069,9,Active
C1069,10,Active
C1069,11,Active
C1069,12,Active
C1070,1,Active
C1070,2,Active
C1070,3,At_Risk
C1070,4,Churned
C1070,5,Churned
C1070,6,Churned
C1070,7,Churned
C1070,8,Churned
C1070,9,Churned
C1070,10,Churned
C1070,11,Churned
C1070,12,Churned
C1071,1,Active
C1071,2,At_Risk
C1071,3,At_Risk
C1071,4,At_Risk
C1071,5,Active
C1071,6,Active
C1071,7,Active
C1071,8,Active
C1071,9,Active
C1071,10,Active
C1071,11,Active
C1071,12,Active
C1072,1,Active
C1072,2,Active
C1072,3,Active
C1072,4,Active
C1072,5,Active
C1072,6,Active
C1072,7,Active
C1072,8,Active
C1072,9,Active
C1072,10,Active
C1072,11,Active
C1072,12,Active
C1073,1,Active
C1073,2,Active
C1073,3,Active
C1073,4,Active
C1073,5,Active
C1073,6,Active
C1073,7,Active
C1073,8,Churned
C1073,9,Churned
C1073,10,Churned
C1073,11,Churned
C1073,12,Churned
C1074,1,Active
C1074,2,At_Risk
C1074,3,Churned
C1074,4,Churned
C1074,5,Churned
C1074,6,Churned
C1074,7,Churned
C1074,8,Churned
C1074,9,Churned
C1074,10,Churned
C1074,11,Churned
C1074,12,Churned
C1075,1,Active
C1075,2,At_Risk
C1075,3,Churned
C1075,4,Churned
C1075,5,Churned
C1075,6,Churned
C1075,7,Churned
C1075,8,Churned
C1075,9,Churned
C1075,10,Churned
C1075,11,Churned
C1075,12,Churned
C1076,1,Active
C1076,2,Active
C1076,3,Active
C1076,4,Active
C1076,5,Active
C1076,6,Active
C1076,7,Active
C1076,8,Active
C1076,9,Churned
C1076,10,Churned
C1076,11,Churned
C1076,12,Churned
C1077,1,Active
C1077,2,Active
C1077,3,Active
C1077,4,At_Risk
C1077,5,Active
C1077,6,Active
C1077,7,Active
C1077,8,Active
C1077,9,Active
C1077,10,Active
C1077,11,Active
C1077,12,Active
C1078,1,Active
C1078,2,Active
C1078,3,Active
C1078,4,At_Risk
C1078,5,Active
C1078,6,Active
C1078,7,Churned
C1078,8,Churned
C1078,9,Churned
C1078,10,Churned
C1078,11,Churned
C1078,12,Churned
C1079,1,Active
C1079,2,Active
C1079,3,At_Risk
C1079,4,Churned
C1079,5,Churned
C1079,6,Churned
C1079,7,Churned
C1079,8,Churned
C1079,9,Churned
C1079,10,Churned
C1079,11,Churned
C1079,12,Churned
C1080,1,Active
C1080,2,Active
C1080,3,Active
C1080,4,Active
C1080,5,At_Risk
C1080,6,Active
C1080,7,Churned
C1080,8,Churned
C1080,9,Churned
C1080,10,Churned
C1080,11,Churned
C1080,12,Churned
C1081,1,Active
C1081,2,Active
C1081,3,Active
C1081,4,Active
C1081,5,At_Risk
C1081,6,At_Risk
C1081,7,Churned
C1081,8,Churned
C1081,9,Churned
C1081,10,Churned
C1081,11,Churned
C1081,12,Churned
C1082,1,Active
C1082,2,At_Risk
C1082,3,Active
C1082,4,Active
C1082,5,Active
C1082,6,Active
C1082,7,At_Risk
C1082,8,At_Risk
C1082,9,At_Risk
C1082,10,Churned
C1082,11,Churned
C1082,12,Churned
C1083,1,Active
C1083,2,At_Risk
C1083,3,At_Risk
C1083,4,Churned
C1083,5,Churned
C1083,6,Churned
C1083,7,Churned
C1083,8,Churned
C1083,9,Churned
C1083,10,Churned
C1083,11,Churned
C1083,12,Churned
C1084,1,Active
C1084,2,At_Risk
C1084,3,At_Risk
C1084,4,At_Risk
C1084,5,At_Risk
C1084,6,Churned
C1084,7,Churned
C1084,8,Churned
C1084,9,Churned
C1084,10,Churned
C1084,11,Churned
C1084,12,Churned
C1085,1,Active
C1085,2,Churned
C1085,3,Churned
C1085,4,Churned
C1085,5,Churned
C1085,6,Churned
C1085,7,Churned
C1085,8,Churned
C1085,9,Churned
C1085,10,Churned
C1085,11,Churned
C1085,12,Churned
C1086,1,Active
C1086,2,Active
C1086,3,Active
C1086,4,Active
C1086,5,Active
C1086,6,Active
C1086,7,Active
C1086,8,Active
C1086,9,Active
C1086,10,Active
C1086,11,Active
C1086,12,Active
C1087,1,Active
C1087,2,Active
C1087,3,At_Risk
C1087,4,At_Risk
C1087,5,Active
C1087,6,Active
C1087,7,Active
C1087,8,Active
C1087,9,Active
C1087,10,At_Risk
C1087,11,Churned
C1087,12,Churned
C1088,1,Active
C1088,2,Active
C1088,3,Active
C1088,4,Active
C1088,5,Active
C1088,6,Active
C1088,7,Active
C1088,8,At_Risk
C1088,9,At_Risk
C1088,10,Churned
C1088,11,Churned
C1088,12,Churned
C1089,1,Active
C1089,2,Active
C1089,3,Active
C1089,4,Active
C1089,5,At_Risk
C1089,6,Churned
C1089,7,Churned
C1089,8,Churned
C1089,9,Churned
C1089,10,Churned
C1089,11,Churned
C1089,12,Churned
C1090,1,Active
C1090,2,Active
C1090,3,Active
C1090,4,Active
C1090,5,Active
C1090,6,Active
C1090,7,Active
C1090,8,Active
C1090,9,At_Risk
C1090,10,Churned
C1090,11,Churned
C1090,12,Churned
C1091,1,Active
C1091,2,Active
C1091,3,Churned
C1091,4,Churned
C1091,5,Churned
C1091,6,Churned
C1091,7,Churned
C1091,8,Churned
C1091,9,Churned
C1091,10,Churned
C1091,11,Churned
C1091,12,Churned
C1092,1,Active
C1092,2,Active
C1092,3,Active
C1092,4,Active
C1092,5,Active
C1092,6,Active
C1092,7,Active
C1092,8,At_Risk
C1092,9,Churned
C1092,10,Churned
C1092,11,Churned
C1092,12,Churned
C1093,1,Active
C1093,2,Active
C1093,3,Active
C1093,4,At_Risk
C1093,5,At_Risk
C1093,6,At_Risk
C1093,7,Churned
C1093,8,Churned
C1093,9,Churned
C1093,10,Churned
C1093,11,Churned
C1093,12,Churned
C1094,1,Active
C1094,2,Active
C1094,3,Active
C1094,4,Active
C1094,5,At_Risk
C1094,6,Churned
C1094,7,Churned
C1094,8,Churned
C1094,9,Churned
C1094,10,Churned
C1094,11,Churned
C1094,12,Churned
C1095,1,Active
C1095,2,Active
C1095,3,Active
C1095,4,Active
C1095,5,Active
C1095,6,Active
C1095,7,Active
C1095,8,Active
C1095,9,Active
C1095,10,Active
C1095,11,Active
C1095,12,Active
C1096,1,Active
C1096,2,Active
C1096,3,Active
C1096,4,At_Risk
C1096,5,At_Risk
C1096,6,At_Risk
C1096,7,Active
C1096,8,Active
C1096,9,Active
C1096,10,Active
C1096,11,Active
C1096,12,Active
C1097,1,Active
C1097,2,Active
C1097,3,Active
C1097,4,Active
C1097,5,Active
C1097,6,Active
C1097,7,Active
C1097,8,Active
C1097,9,Active
C1097,10,Active
C1097,11,Active
C1097,12,Active
C1098,1,Active
C1098,2,At_Risk
C1098,3,Active
C1098,4,Active
C1098,5,Active
C1098,6,At_Risk
C1098,7,At_Risk
C1098,8,Active
C1098,9,Active
C1098,10,Active
C1098,11,Active
C1098,12,Active
C1099,1,Active
C1099,2,At_Risk
C1099,3,Active
C1099,4,Active
C1099,5,Active
C1099,6,Active
C1099,7,Active
C1099,8,Active
C1099,9,Churned
C1099,10,Churned
C1099,11,Churned
C1099,12,Churned
C1100,1,Active
C1100,2,Active
C1100,3,Active
C1100,4,At_Risk
C1100,5,At_Risk
C1100,6,Active
C1100,7,Active
C1100,8,Active
C1100,9,Active
C1100,10,At_Risk
C1100,11,Churned
C1100,12,Churned
C1101,1,Active
C1101,2,Active
C1101,3,At_Risk
C1101,4,At_Risk
C1101,5,Churned
C1101,6,Churned
C1101,7,Churned
C1101,8,Churned
C1101,9,Churned
C1101,10,Churned
C1101,11,Churned
C1101,12,Churned
C1102,1,Active
C1102,2,Active
C1102,3,Active
C1102,4,Active
C1102,5,Active
C1102,6,Active
C1102,7,Active
C1102,8,Active
C1102,9,Active
C1102,10,Active
C1102,11,Active
C1102,12,Active
C1103,1,Active
C1103,2,Active
C1103,3,Active
C1103,4,Active
C1103,5,Active
C1103,6,Active
C1103,7,Active
C1103,8,Active
C1103,9,Active
C1103,10,Active
C1103,11,Active
C1103,12,Active
C1104,1,Active
C1104,2,At_Risk
C1104,3,At_Risk
C1104,4,At_Risk
C1104,5,At_Risk
C1104,6,At_Risk
C1104,7,Active
C1104,8,Active
C1104,9,Active
C1104,10,Active
C1104,11,Active
C1104,12,Active
C1105,1,Active
C1105,2,Active
C1105,3,Active
C1105,4,Active
C1105,5,Active
C1105,6,Active
C1105,7,Active
C1105,8,Active
C1105,9,Active
C1105,10,Active
C1105,11,Active
C1105,12,Active
C1106,1,Active
C1106,2,Active
C1106,3,Active
C1106,4,Active
C1106,5,Active
C1106,6,At_Risk
C1106,7,Active
C1106,8,Active
C1106,9,Active
C1106,10,Active
C1106,11,Active
C1106,12,Active
C1107,1,Active
C1107,2,Active
C1107,3,Active
C1107,4,Active
C1107,5,Active
C1107,6,Active
C1107,7,Active
C1107,8,Active
C1107,9,Active
C1107,10,Churned
C1107,11,Churned
C1107,12,Churned
C1108,1,Active
C1108,2,Active
C1108,3,Active
C1108,4,At_Risk
C1108,5,At_Risk
C1108,6,At_Risk
C1108,7,At_Risk
C1108,8,At_Risk
C1108,9,Active
C1108,10,Active
C1108,11,At_Risk
C1108,12,At_Risk
C1109,1,Active
C1109,2,Churned
C1109,3,Churned
C1109,4,Churned
C1109,5,Churned
C1109,6,Churned
C1109,7,Churned
C1109,8,Churned
C1109,9,Churned
C1109,10,Churned
C1109,11,Churned
C1109,12,Churned
C1110,1,Active
C1110,2,Active
C1110,3,At_Risk
C1110,4,Active
C1110,5,Active
C1110,6,Active
C1110,7,Active
C1110,8,Churned
C1110,9,Churned
C1110,10,Churned
C1110,11,Churned
C1110,12,Churned
C1111,1,Active
C1111,2,Active
C1111,3,Churned
C1111,4,Churned
C1111,5,Churned
C1111,6,Churned
C1111,7,Churned
C1111,8,Churned
C1111,9,Churned
C1111,10,Churned
C1111,11,Churned
C1111,12,Churned
C1112,1,Active
C1112,2,Active
C1112,3,Active
C1112,4,Active
C1112,5,Active
C1112,6,Active
C1112,7,Active
C1112,8,Active
C1112,9,Active
C1112,10,Active
C1112,11,At_Risk
C1112,12,Active
C1113,1,Active
C1113,2,Active
C1113,3,Active
C1113,4,Churned
C1113,5,Churned
C1113,6,Churned
C1113,7,Churned
C1113,8,Churned
C1113,9,Churned
C1113,10,Churned
C1113,11,Churned
C1113,12,Churned
C1114,1,Active
C1114,2,At_Risk
C1114,3,Active
C1114,4,Churned
C1114,5,Churned
C1114,6,Churned
C1114,7,Churned
C1114,8,Churned
C1114,9,Churned
C1114,10,Churned
C1114,11,Churned
C1114,12,Churned
C1115,1,Active
C1115,2,Churned
C1115,3,Churned
C1115,4,Churned
C1115,5,Churned
C1115,6,Churned
C1115,7,Churned
C1115,8,Churned
C1115,9,Churned
C1115,10,Churned
C1115,11,Churned
C1115,12,Churned
C1116,1,Active
C1116,2,Active
C1116,3,Active
C1116,4,Active
C1116,5,Active
C1116,6,Active
C1116,7,At_Risk
C1116,8,At_Risk
C1116,9,Churned
C1116,10,Churned
C1116,11,Churned
C1116,12,Churned
C1117,1,Active
C1117,2,Active
C1117,3,Active
C1117,4,Active
C1117,5,Active
C1117,6,Active
C1117,7,Active
C1117,8,At_Risk
C1117,9,Churned
C1117,10,Churned
C1117,11,Churned
C1117,12,Churned
C1118,1,Active
C1118,2,Active
C1118,3,Active
C1118,4,Active
C1118,5,Active
C1118,6,Active
C1118,7,Active
C1118,8,At_Risk
C1118,9,At_Risk
C1118,10,At_Risk
C1118,11,At_Risk
C1118,12,Churned
C1119,1,Active
C1119,2,Active
C1119,3,Active
C1119,4,Active
C1119,5,Active
C1119,6,At_Risk
C1119,7,Active
C1119,8,Active
C1119,9,Active
C1119,10,Active
C1119,11,Churned
C1119,12,Churned
C1120,1,Active
C1120,2,At_Risk
C1120,3,Churned
C1120,4,Churned
C1120,5,Churned
C1120,6,Churned
C1120,7,Churned
C1120,8,Churned
C1120,9,Churned
C1120,10,Churned
C1120,11,Churned
C1120,12,Churned
C1121,1,Active
C1121,2,Active
C1121,3,Active
C1121,4,Active
C1121,5,Active
C1121,6,Active
C1121,7,Active
C1121,8,Active
C1121,9,At_Risk
C1121,10,Active
C1121,11,Active
C1121,12,Active
C1122,1,Active
C1122,2,Active
C1122,3,Active
C1122,4,At_Risk
C1122,5,At_Risk
C1122,6,Active
C1122,7,Active
C1122,8,Active
C1122,9,Active
C1122,10,Active
C1122,11,Active
C1122,12,Active
C1123,1,Active
C1123,2,At_Risk
C1123,3,At_Risk
C1123,4,Active
C1123,5,Active
C1123,6,Active
C1123,7,Churned
C1123,8,Churned
C1123,9,Churned
C1123,10,Churned
C1123,11,Churned
C1123,12,Churned
C1124,1,Active
C1124,2,Active
C1124,3,Active
C1124,4,Active
C1124,5,Active
C1124,6,Active
C1124,7,At_Risk
C1124,8,Churned
C1124,9,Churned
C1124,10,Churned
C1124,11,Churned
C1124,12,Churned
C1125,1,Active
C1125,2,Active
C1125,3,Active
C1125,4,Active
C1125,5,Active
C1125,6,Active
C1125,7,Active
C1125,8,At_Risk
C1125,9,Active
C1125,10,Churned
C1125,11,Churned
C1125,12,Churned
C1126,1,Active
C1126,2,Active
C1126,3,Churned
C1126,4,Churned
C1126,5,Churned
C1126,6,Churned
C1126,7,Churned
C1126,8,Churned
C1126,9,Churned
C1126,10,Churned
C1126,11,Churned
C1126,12,Churned
C1127,1,Active
C1127,2,Active
C1127,3,Active
C1127,4,Active
C1127,5,At_Risk
C1127,6,Churned
C1127,7,Churned
C1127,8,Churned
C1127,9,Churned
C1127,10,Churned
C1127,11,Churned
C1127,12,Churned
C1128,1,Active
C1128,2,Active
C1128,3,Active
C1128,4,Active
C1128,5,Active
C1128,6,At_Risk
C1128,7,At_Risk
C1128,8,At_Risk
C1128,9,Active
C1128,10,Active
C1128,11,Active
C1128,12,Active
C1129,1,Active
C1129,2,Active
C1129,3,Active
C1129,4,At_Risk
C1129,5,At_Risk
C1129,6,Churned
C1129,7,Churned
C1129,8,Churned
C1129,9,Churned
C1129,10,Churned
C1129,11,Churned
C1129,12,Churned
C1130,1,Active
C1130,2,Churned
C1130,3,Churned
C1130,4,Churned
C1130,5,Churned
C1130,6,Churned
C1130,7,Churned
C1130,8,Churned
C1130,9,Churned
C1130,10,Churned
C1130,11,Churned
C1130,12,Churned
C1131,1,Active
C1131,2,Churned
C1131,3,Churned
C1131,4,Churned
C1131,5,Churned
C1131,6,Churned
C1131,7,Churned
C1131,8,Churned
C1131,9,Churned
C1131,10,Churned
C1131,11,Churned
C1131,12,Churned
C1132,1,Active
C1132,2,Active
C1132,3,Active
C1132,4,Active
C1132,5,At_Risk
C1132,6,Active
C1132,7,Active
C1132,8,Active
C1132,9,Active
C1132,10,Active
C1132,11,Active
C1132,12,Active
C1133,1,Active
C1133,2,Active
C1133,3,At_Risk
C1133,4,At_Risk
C1133,5,At_Risk
C1133,6,At_Risk
C1133,7,Active
C1133,8,Active
C1133,9,Churned
C1133,10,Churned
C1133,11,Churned
C1133,12,Churned
C1134,1,Active
C1134,2,Active
C1134,3,Active
C1134,4,Active
C1134,5,Active
C1134,6,Active
C1134,7,Active
C1134,8,Active
C1134,9,Active
C1134,10,Churned
C1134,11,Churned
C1134,12,Churned
C1135,1,Active
C1135,2,Churned
C1135,3,Churned
C1135,4,Churned
C1135,5,Churned
C1135,6,Churned
C1135,7,Churned
C1135,8,Churned
C1135,9,Churned
C1135,10,Churned
C1135,11,Churned
C1135,12,Churned
C1136,1,Active
C1136,2,Active
C1136,3,Active
C1136,4,Active
C1136,5,Active
C1136,6,Active
C1136,7,Active
C1136,8,Active
C1136,9,Active
C1136,10,Active
C1136,11,Active
C1136,12,At_Risk
C1137,1,Active
C1137,2,Active
C1137,3,At_Risk
C1137,4,Active
C1137,5,Active
C1137,6,Active
C1137,7,Active
C1137,8,At_Risk
C1137,9,Churned
C1137,10,Churned
C1137,11,Churned
C1137,12,Churned
C1138,1,Active
C1138,2,Active
C1138,3,Active
C1138,4,Active
C1138,5,Active
C1138,6,Active
C1138,7,Active
C1138,8,Active
C1138,9,Active
C1138,10,Active
C1138,11,Churned
C1138,12,Churned
C1139,1,Active
C1139,2,Active
C1139,3,Active
C1139,4,Active
C1139,5,Active
C1139,6,Active
C1139,7,Active
C1139,8,Active
C1139,9,Active
C1139,10,Active
C1139,11,Active
C1139,12,Active
C1140,1,Active
C1140,2,Active
C1140,3,Active
C1140,4,Active
C1140,5,Active
C1140,6,At_Risk
C1140,7,Active
C1140,8,Active
C1140,9,Active
C1140,10,Active
C1140,11,Active
C1140,12,At_Risk
C1141,1,Active
C1141,2,Active
C1141,3,Active
C1141,4,At_Risk
C1141,5,Active
C1141,6,Active
C1141,7,Active
C1141,8,Active
C1141,9,Churned
C1141,10,Churned
C1141,11,Churned
C1141,12,Churned
C1142,1,Active
C1142,2,Active
C1142,3,Active
C1142,4,Active
C1142,5,Active
C1142,6,Active
C1142,7,Active
C1142,8,Active
C1142,9,Churned
C1142,10,Churned
C1142,11,Churned
C1142,12,Churned
C1143,1,Active
C1143,2,At_Risk
C1143,3,At_Risk
C1143,4,Churned
C1143,5,Churned
C1143,6,Churned
C1143,7,Churned
C1143,8,Churned
C1143,9,Churned
C1143,10,Churned
C1143,11,Churned
C1143,12,Churned
C1144,1,Active
C1144,2,At_Risk
C1144,3,Active
C1144,4,Active
C1144,5,Active
C1144,6,At_Risk
C1144,7,Active
C1144,8,Active
C1144,9,Active
C1144,10,At_Risk
C1144,11,Active
C1144,12,Active
C1145,1,Active
C1145,2,Active
C1145,3,Active
C1145,4,Active
C1145,5,Active
C1145,6,Active
C1145,7,At_Risk
C1145,8,Churned
C1145,9,Churned
C1145,10,Churned
C1145,11,Churned
C1145,12,Churned
C1146,1,Active
C1146,2,Active
C1146,3,Active
C1146,4,Active
C1146,5,Active
C1146,6,Active
C1146,7,Active
C1146,8,Active
C1146,9,Active
C1146,10,Active
C1146,11,Active
C1146,12,Active
C1147,1,Active
C1147,2,Active
C1147,3,At_Risk
C1147,4,At_Risk
C1147,5,At_Risk
C1147,6,Active
C1147,7,Active
C1147,8,Active
C1147,9,Active
C1147,10,Active
C1147,11,Active
C1147,12,Churned
C1148,1,Active
C1148,2,At_Risk
C1148,3,Churned
C1148,4,Churned
C1148,5,Churned
C1148,6,Churned
C1148,7,Churned
C1148,8,Churned
C1148,9,Churned
C1148,10,Churned
C1148,11,Churned
C1148,12,Churned
C1149,1,Active
C1149,2,Active
C1149,3,Active
C1149,4,Active
C1149,5,At_Risk
C1149,6,At_Risk
C1149,7,At_Risk
C1149,8,Active
C1149,9,Active
C1149,10,Active
C1149,11,Active
C1149,12,Active
C1150,1,Active
C1150,2,At_Risk
C1150,3,Active
C1150,4,At_Risk
C1150,5,Active
C1150,6,Active
C1150,7,Active
C1150,8,Active
C1150,9,Active
C1150,10,Active
C1150,11,Active
C1150,12,Active
C1151,1,Active
C1151,2,Active
C1151,3,Active
C1151,4,At_Risk
C1151,5,Active
C1151,6,Active
C1151,7,Active
C1151,8,At_Risk
C1151,9,Churned
C1151,10,Churned
C1151,11,Churned
C1151,12,Churned
C1152,1,Active
C1152,2,At_Risk
C1152,3,Churned
C1152,4,Churned
C1152,5,Churned
C1152,6,Churned
C1152,7,Churned
C1152,8,Churned
C1152,9,Churned
C1152,10,Churned
C1152,11,Churned
C1152,12,Churned
C1153,1,Active
C1153,2,Active
C1153,3,Active
C1153,4,Active
C1153,5,Active
C1153,6,Active
C1153,7,Churned
C1153,8,Churned
C1153,9,Churned
C1153,10,Churned
C1153,11,Churned
C1153,12,Churned
C1154,1,Active
C1154,2,Active
C1154,3,Active
C1154,4,Active
C1154,5,Active
C1154,6,Active
C1154,7,Active
C1154,8,Active
C1154,9,Active
C1154,10,Active
C1154,11,Churned
C1154,12,Churned
C1155,1,Active
C1155,2,Active
C1155,3,Active
C1155,4,Active
C1155,5,At_Risk
C1155,6,At_Risk
C1155,7,Churned
C1155,8,Churned
C1155,9,Churned
C1155,10,Churned
C1155,11,Churned
C1155,12,Churned
C1156,1,Active
C1156,2,Active
C1156,3,Active
C1156,4,Active
C1156,5,Active
C1156,6,Active
C1156,7,Active
C1156,8,Active
C1156,9,Active
C1156,10,Active
C1156,11,Active
C1156,12,At_Risk
C1157,1,Active
C1157,2,Active
C1157,3,Active
C1157,4,Active
C1157,5,Active
C1157,6,Active
C1157,7,At_Risk
C1157,8,At_Risk
C1157,9,At_Risk
C1157,10,Churned
C1157,11,Churned
C1157,12,Churned
C1158,1,Active
C1158,2,Active
C1158,3,Active
C1158,4,At_Risk
C1158,5,Churned
C1158,6,Churned
C1158,7,Churned
C1158,8,Churned
C1158,9,Churned
C1158,10,Churned
C1158,11,Churned
C1158,12,Churned
C1159,1,Active
C1159,2,Active
C1159,3,Churned
C1159,4,Churned
C1159,5,Churned
C1159,6,Churned
C1159,7,Churned
C1159,8,Churned
C1159,9,Churned
C1159,10,Churned
C1159,11,Churned
C1159,12,Churned
C1160,1,Active
C1160,2,Active
C1160,3,Active
C1160,4,Active
C1160,5,At_Risk
C1160,6,At_Risk
C1160,7,Active
C1160,8,Active
C1160,9,Active
C1160,10,At_Risk
C1160,11,Active
C1160,12,Active
C1161,1,Active
C1161,2,Active
C1161,3,At_Risk
C1161,4,At_Risk
C1161,5,At_Risk
C1161,6,Active
C1161,7,Active
C1161,8,Active
C1161,9,Active
C1161,10,Active
C1161,11,Active
C1161,12,Active
C1162,1,Active
C1162,2,Active
C1162,3,Active
C1162,4,Active
C1162,5,Active
C1162,6,Active
C1162,7,Active
C1162,8,At_Risk
C1162,9,Active
C1162,10,Active
C1162,11,Active
C1162,12,Active
C1163,1,Active
C1163,2,At_Risk
C1163,3,At_Risk
C1163,4,Churned
C1163,5,Churned
C1163,6,Churned
C1163,7,Churned
C1163,8,Churned
C1163,9,Churned
C1163,10,Churned
C1163,11,Churned
C1163,12,Churned
C1164,1,Active
C1164,2,Active
C1164,3,At_Risk
C1164,4,Active
C1164,5,Active
C1164,6,Active
C1164,7,Active
C1164,8,Active
C1164,9,Active
C1164,10,At_Risk
C1164,11,Active
C1164,12,Active
C1165,1,Active
C1165,2,Active
C1165,3,Active
C1165,4,Churned
C1165,5,Churned
C1165,6,Churned
C1165,7,Churned
C1165,8,Churned
C1165,9,Churned
C1165,10,Churned
C1165,11,Churned
C1165,12,Churned
C1166,1,Active
C1166,2,At_Risk
C1166,3,At_Risk
C1166,4,Churned
C1166,5,Churned
C1166,6,Churned
C1166,7,Churned
C1166,8,Churned
C1166,9,Churned
C1166,10,Churned
C1166,11,Churned
C1166,12,Churned
C1167,1,Active
C1167,2,At_Risk
C1167,3,Active
C1167,4,At_Risk
C1167,5,At_Risk
C1167,6,At_Risk
C1167,7,At_Risk
C1167,8,Active
C1167,9,Active
C1167,10,Active
C1167,11,Active
C1167,12,Active
C1168,1,Active
C1168,2,Active
C1168,3,Active
C1168,4,Active
C1168,5,Active
C1168,6,Active
C1168,7,Active
C1168,8,Active
C1168,9,At_Risk
C1168,10,At_Risk
C1168,11,Active
C1168,12,Active
C1169,1,Active
C1169,2,At_Risk
C1169,3,At_Risk
C1169,4,Churned
C1169,5,Churned
C1169,6,Churned
C1169,7,Churned
C1169,8,Churned
C1169,9,Churned
C1169,10,Churned
C1169,11,Churned
C1169,12,Churned
C1170,1,Active
C1170,2,Active
C1170,3,Active
C1170,4,Active
C1170,5,Active
C1170,6,Active
C1170,7,Active
C1170,8,Active
C1170,9,Active
C1170,10,Active
C1170,11,Active
C1170,12,Active
C1171,1,Active
C1171,2,Active
C1171,3,Active
C1171,4,Active
C1171,5,Active
C1171,6,Active
C1171,7,Active
C1171,8,Active
C1171,9,Active
C1171,10,Active
C1171,11,Active
C1171,12,Churned
C1172,1,Active
C1172,2,Active
C1172,3,Active
C1172,4,Active
C1172,5,Active
C1172,6,Active
C1172,7,Active
C1172,8,Active
C1172,9,Active
C1172,10,Active
C1172,11,Active
C1172,12,Active
C1173,1,Active
C1173,2,Active
C1173,3,Active
C1173,4,Active
C1173,5,Active
C1173,6,Active
C1173,7,Active
C1173,8,Active
C1173,9,Active
C1173,10,Active
C1173,11,At_Risk
C1173,12,Churned
C1174,1,Active
C1174,2,Active
C1174,3,Active
C1174,4,Active
C1174,5,Active
C1174,6,Churned
C1174,7,Churned
C1174,8,Churned
C1174,9,Churned
C1174,10,Churned
C1174,11,Churned
C1174,12,Churned
C1175,1,Active
C1175,2,Active
C1175,3,Active
C1175,4,Active
C1175,5,Active
C1175,6,Churned
C1175,7,Churned
C1175,8,Churned
C1175,9,Churned
C1175,10,Churned
C1175,11,Churned
C1175,12,Churned
C1176,1,Active
C1176,2,Active
C1176,3,Active
C1176,4,Active
C1176,5,Active
C1176,6,Active
C1176,7,Active
C1176,8,Active
C1176,9,Active
C1176,10,Active
C1176,11,Active
C1176,12,Active
C1177,1,Active
C1177,2,Active
C1177,3,At_Risk
C1177,4,Churned
C1177,5,Churned
C1177,6,Churned
C1177,7,Churned
C1177,8,Churned
C1177,9,Churned
C1177,10,Churned
C1177,11,Churned
C1177,12,Churned
C1178,1,Active
C1178,2,Active
C1178,3,Active
C1178,4,Active
C1178,5,Active
C1178,6,Active
C1178,7,Churned
C1178,8,Churned
C1178,9,Churned
C1178,10,Churned
C1178,11,Churned
C1178,12,Churned
C1179,1,Active
C1179,2,Active
C1179,3,Active
C1179,4,Active
C1179,5,Active
C1179,6,Active
C1179,7,At_Risk
C1179,8,At_Risk
C1179,9,Active
C1179,10,Active
C1179,11,Active
C1179,12,Active
C1180,1,Active
C1180,2,Active
C1180,3,Active
C1180,4,Active
C1180,5,Active
C1180,6,Active
C1180,7,Active
C1180,8,Active
C1180,9,Active
C1180,10,Active
C1180,11,At_Risk
C1180,12,Churned
C1181,1,Active
C1181,2,Active
C1181,3,At_Risk
C1181,4,At_Risk
C1181,5,At_Risk
C1181,6,At_Risk
C1181,7,Active
C1181,8,Active
C1181,9,Active
C1181,10,Active
C1181,11,Active
C1181,12,Active
C1182,1,Active
C1182,2,Active
C1182,3,Active
C1182,4,Active
C1182,5,Churned
C1182,6,Churned
C1182,7,Churned
C1182,8,Churned
C1182,9,Churned
C1182,10,Churned
C1182,11,Churned
C1182,12,Churned
C1183,1,Active
C1183,2,Active
C1183,3,Active
C1183,4,Active
C1183,5,At_Risk
C1183,6,Churned
C1183,7,Churned
C1183,8,Churned
C1183,9,Churned
C1183,10,Churned
C1183,11,Churned
C1183,12,Churned
C1184,1,Active
C1184,2,Active
C1184,3,Active
C1184,4,Active
C1184,5,Active
C1184,6,Active
C1184,7,Active
C1184,8,Active
C1184,9,At_Risk
C1184,10,Active
C1184,11,Active
C1184,12,Active
C1185,1,Active
C1185,2,Active
C1185,3,Active
C1185,4,At_Risk
C1185,5,Churned
C1185,6,Churned
C1185,7,Churned
C1185,8,Churned
C1185,9,Churned
C1185,10,Churned
C1185,11,Churned
C1185,12,Churned
C1186,1,Active
C1186,2,At_Risk
C1186,3,At_Risk
C1186,4,Churned
C1186,5,Churned
C1186,6,Churned
C1186,7,Churned
C1186,8,Churned
C1186,9,Churned
C1186,10,Churned
C1186,11,Churned
C1186,12,Churned
C1187,1,Active
C1187,2,Active
C1187,3,Churned
C1187,4,Churned
C1187,5,Churned
C1187,6,Churned
C1187,7,Churned
C1187,8,Churned
C1187,9,Churned
C1187,10,Churned
C1187,11,Churned
C1187,12,Churned
C1188,1,Active
C1188,2,Churned
C1188,3,Churned
C1188,4,Churned
C1188,5,Churned
C1188,6,Churned
C1188,7,Churned
C1188,8,Churned
C1188,9,Churned
C1188,10,Churned
C1188,11,Churned
C1188,12,Churned
C1189,1,Active
C1189,2,Active
C1189,3,Active
C1189,4,Active
C1189,5,Active
C1189,6,Churned
C1189,7,Churned
C1189,8,Churned
C1189,9,Churned
C1189,10,Churned
C1189,11,Churned
C1189,12,Churned
C1190,1,Active
C1190,2,Active
C1190,3,Active
C1190,4,Active
C1190,5,Active
C1190,6,Active
C1190,7,Active
C1190,8,Active
C1190,9,Active
C1190,10,Active
C1190,11,Active
C1190,12,Active
C1191,1,Active
C1191,2,Active
C1191,3,Active
C1191,4,At_Risk
C1191,5,At_Risk
C1191,6,Active
C1191,7,Active
C1191,8,Active
C1191,9,Active
C1191,10,At_Risk
C1191,11,Churned
C1191,12,Churned
C1192,1,Active
C1192,2,Active
C1192,3,Active
C1192,4,Active
C1192,5,Active
C1192,6,Active
C1192,7,Active
C1192,8,Active
C1192,9,Active
C1192,10,At_Risk
C1192,11,Active
C1192,12,Churned
C1193,1,Active
C1193,2,At_Risk
C1193,3,At_Risk
C1193,4,Churned
C1193,5,Churned
C1193,6,Churned
C1193,7,Churned
C1193,8,Churned
C1193,9,Churned
C1193,10,Churned
C1193,11,Churned
C1193,12,Churned
C1194,1,Active
C1194,2,Churned
C1194,3,Churned
C1194,4,Churned
C1194,5,Churned
C1194,6,Churned
C1194,7,Churned
C1194,8,Churned
C1194,9,Churned
C1194,10,Churned
C1194,11,Churned
C1194,12,Churned
C1195,1,Active
C1195,2,At_Risk
C1195,3,At_Risk
C1195,4,Active
C1195,5,Active
C1195,6,Active
C1195,7,Active
C1195,8,Active
C1195,9,Active
C1195,10,Active
C1195,11,Active
C1195,12,Active
C1196,1,Active
C1196,2,Active
C1196,3,Churned
C1196,4,Churned
C1196,5,Churned
C1196,6,Churned
C1196,7,Churned
C1196,8,Churned
C1196,9,Churned
C1196,10,Churned
C1196,11,Churned
C1196,12,Churned
C1197,1,Active
C1197,2,Active
C1197,3,Active
C1197,4,At_Risk
C1197,5,Active
C1197,6,Active
C1197,7,Active
C1197,8,Active
C1197,9,Active
C1197,10,Active
C1197,11,Active
C1197,12,At_Risk
C1198,1,Active
C1198,2,Active
C1198,3,Active
C1198,4,At_Risk
C1198,5,At_Risk
C1198,6,Churned
C1198,7,Churned
C1198,8,Churned
C1198,9,Churned
C1198,10,Churned
C1198,11,Churned
C1198,12,Churned
C1199,1,Active
C1199,2,Active
C1199,3,Active
C1199,4,Churned
C1199,5,Churned
C1199,6,Churned
C1199,7,Churned
C1199,8,Churned
C1199,9,Churned
C1199,10,Churned
C1199,11,Churned
C1199,12,Churned
C1200,1,Active
C1200,2,Active
C1200,3,Active
C1200,4,Active
C1200,5,Active
C1200,6,At_Risk
C1200,7,At_Risk
C1200,8,At_Risk
C1200,9,At_Risk
C1200,10,Churned
C1200,11,Churned
C1200,12,Churned
